id,base_id,language,type,adversarial_kind,question,retrieved,recall@1,recall@3,recall@5,precision@5,mrr,retrieval_latency_s,generation_latency_s,total_latency_s,answer,refusal_type,outcome,has_citation,citation_precision,answer_language,language_match,llm_tokens,faithfulness,answer_relevancy,context_precision,context_recall,error
ans-001-en,ans-001,en,answerable,,"To what rate was the Alternate Minimum Tax for cooperative societies reduced in Budget 2022-23, and what was it before?","[[""coop_income_tax_benefits.pdf"", 1, 0.5423], [""ncp_2025_en.pdf"", 12, 0.2332], [""mh_fruit_crop_insurance_gr_2026_mr.pdf"", 134, 0.2252], [""pmkmy_guidelines_en.pdf"", 13, 0.2005], [""coop_income_tax_benefits.pdf"", 1, 0.1802]]",1.0,1.0,1.0,0.4,1.0,0.001,,0.001,,,,,,,,0,,,,,
ans-001-hi,ans-001,hi,answerable,,"बजट 2022-23 में सहकारी समितियों के लिए वैकल्पिक न्यूनतम कर (AMT) को किस दर तक घटाया गया, और पहले यह कितना था?","[[""mh_fruit_crop_insurance_gr_2026_mr.pdf"", 134, 0.2616], [""ncp_2025_hi.pdf"", 13, 0.2559], [""ncp_2025_hi.pdf"", 10, 0.1992], [""mh_fruit_crop_insurance_gr_2026_mr.pdf"", 137, 0.192], [""mscs_amendment_rules_2023.pdf"", 14, 0.1687]]",0.0,0.0,0.0,0.0,0.0,0.002,,0.002,,,,,,,,0,,,,,
ans-001-mr,ans-001,mr,answerable,,अर्थसंकल्प 2022-23 मध्ये सहकारी संस्थांसाठी पर्यायी किमान कर (AMT) कोणत्या दरापर्यंत कमी करण्यात आला आणि आधी तो किती होता?,"[[""mh_fruit_crop_insurance_gr_2026_mr.pdf"", 134, 0.3023], [""mh_farmer_loan_waiver_2026_mr.pdf"", 1, 0.2844], [""mh_women_farmer_act_2026_mr.pdf"", 7, 0.273], [""mh_women_farmer_act_2026_mr.pdf"", 2, 0.2662], [""mh_fruit_crop_insurance_gr_2026_mr.pdf"", 137, 0.2399]]",0.0,0.0,0.0,0.0,0.0,0.001,,0.001,,,,,,,,0,,,,,
ans-001-hinglish,ans-001,hinglish,answerable,,"Budget 2022-23 mein cooperative societies ke liye Alternate Minimum Tax kitna kar diya gaya, aur pehle kitna tha?","[[""coop_income_tax_benefits.pdf"", 1, 0.3225], [""mh_fruit_crop_insurance_gr_2026_mr.pdf"", 134, 0.228], [""pmkmy_guidelines_en.pdf"", 13, 0.203], [""mscs_act_2002_en.pdf"", 6, 0.181], [""ncp_2025_en.pdf"", 12, 0.1522]]",1.0,1.0,1.0,0.2,1.0,0.002,,0.002,,,,,,,,0,,,,,
ans-002-en,ans-002,en,answerable,,"Below what amount can a member deposit cash with, or take a cash loan from, a primary agricultural credit society without any penal consequence after the Budget 2023-24 amendment?","[[""coop_income_tax_benefits.pdf"", 2, 0.5671], [""coop_income_tax_benefits.pdf"", 2, 0.1852], [""mscs_act_2002_en.pdf"", 41, 0.1849], [""mh_fruit_crop_insurance_gr_2026_mr.pdf"", 134, 0.184], [""mscs_act_2002_en.pdf"", 29, 0.1838]]",1.0,1.0,1.0,0.4,1.0,0.001,,0.001,,,,,,,,0,,,,,
ans-002-hi,ans-002,hi,answerable,,"बजट 2023-24 के संशोधन के बाद कोई सदस्य प्राथमिक कृषि ऋण समिति (PACS) में कितनी राशि से कम नकद जमा कर सकता है या नकद ऋण ले सकता है, जिस पर कोई दंड न लगे?","[[""ncp_2025_hi.pdf"", 21, 0.1978], [""ncp_2025_hi.pdf"", 13, 0.1863], [""mh_fruit_crop_insurance_gr_2026_mr.pdf"", 134, 0.1722], [""grain_storage_plan_sop_hi.pdf"", 43, 0.1625], [""mh_women_farmer_act_2026_mr.pdf"", 8, 0.1484]]",0.0,0.0,0.0,0.0,0.0,0.001,,0.001,,,,,,,,0,,,,,
ans-002-mr,ans-002,mr,answerable,,"अर्थसंकल्प 2023-24 मधील सुधारणेनंतर सभासद प्राथमिक कृषी पतसंस्थेत (PACS) किती रकमेपेक्षा कमी रोख ठेव ठेवू शकतो किंवा रोख कर्ज घेऊ शकतो, ज्यावर कोणताही दंड लागत नाही?","[[""mh_farmer_loan_waiver_2026_mr.pdf"", 1, 0.2257], [""mh_fruit_crop_insurance_gr_2026_mr.pdf"", 134, 0.2175], [""mh_women_farmer_act_2026_mr.pdf"", 7, 0.2007], [""mh_women_farmer_act_2026_mr.pdf"", 2, 0.1973], [""mh_women_farmer_act_2026_mr.pdf"", 5, 0.1895]]",0.0,0.0,0.0,0.0,0.0,0.001,,0.001,,,,,,,,0,,,,,
ans-002-hinglish,ans-002,hinglish,answerable,,Budget 2023-24 ke amendment ke baad PACS mein member kitne amount se kam cash deposit kar sakta hai ya cash loan le sakta hai bina kisi penalty ke?,"[[""coop_income_tax_benefits.pdf"", 2, 0.1413], [""coop_income_tax_benefits.pdf"", 2, 0.1297], [""mh_fruit_crop_insurance_gr_2026_mr.pdf"", 134, 0.1289], [""mscs_amendment_act_2023.pdf"", 2, 0.1193], [""mscs_act_2002_en.pdf"", 41, 0.1098]]",1.0,1.0,1.0,0.4,1.0,0.001,,0.001,,,,,,,,0,,,,,
ans-003-en,ans-003,en,answerable,,What limit for cash withdrawal without TDS has been provided to cooperative societies?,"[[""coop_income_tax_benefits.pdf"", 2, 0.8225], [""mscs_act_2002_en.pdf"", 6, 0.2143], [""mscs_act_2002_en.pdf"", 9, 0.1887], [""ncp_2025_en.pdf"", 12, 0.1867], [""mscs_act_2002_en.pdf"", 19, 0.1687]]",1.0,1.0,1.0,0.2,1.0,0.001,,0.001,,,,,,,,0,,,,,
ans-003-hi,ans-003,hi,answerable,,सहकारी समितियों को बिना TDS के नकद निकासी की कितनी सीमा दी गई है?,"[[""coop_income_tax_benefits.pdf"", 2, 0.2558], [""ncp_2025_hi.pdf"", 13, 0.1592], [""mh_farmer_loan_waiver_2026_mr.pdf"", 4, 0.1571], [""grain_storage_plan_sop_hi.pdf"", 7, 0.1537], [""grain_storage_plan_sop_hi.pdf"", 29, 0.1531]]",1.0,1.0,1.0,0.2,1.0,0.001,,0.001,,,,,,,,0,,,,,
ans-003-mr,ans-003,mr,answerable,,सहकारी संस्थांना TDS शिवाय रोख रक्कम काढण्याची किती मर्यादा देण्यात आली आहे?,"[[""coop_income_tax_benefits.pdf"", 2, 0.2722], [""mh_agri_citizen_charter_schemes_2026_mr.pdf"", 16, 0.1892], [""mh_pmfby_gr_2026_mr.pdf"", 45, 0.1855], [""mh_fruit_crop_insurance_gr_2026_mr.pdf"", 39, 0.1749], [""mh_pmfby_gr_2026_mr.pdf"", 37, 0.1644]]",1.0,1.0,1.0,0.2,1.0,0.001,,0.001,,,,,,,,0,,,,,
ans-003-hinglish,ans-003,hinglish,answerable,,Cooperative societies ke liye bina TDS ke cash withdrawal ki limit kitni hai?,"[[""coop_income_tax_benefits.pdf"", 2, 0.5062], [""mscs_act_2002_en.pdf"", 6, 0.1414], [""ncp_2025_en.pdf"", 12, 0.1232], [""mscs_act_2002_en.pdf"", 9, 0.1177], [""mscs_act_2002_en.pdf"", 19, 0.1113]]",1.0,1.0,1.0,0.2,1.0,0.002,,0.002,,,,,,,,0,,,,,
ans-004-en,ans-004,en,answerable,,"What is the total outlay of the grant-in-aid scheme to NCDC for cooperative sugar mills, and how is it released?","[[""ncdc_sugar_mills_scheme.pdf"", 1, 0.5013], [""ncdc_sugar_mills_scheme.pdf"", 2, 0.1993], [""mh_pkvy_gr_mr.pdf"", 6, 0.1657], [""mh_pkvy_gr_mr.pdf"", 6, 0.1605], [""mh_pkvy_gr_mr.pdf"", 6, 0.1597]]",1.0,1.0,1.0,0.2,1.0,0.002,,0.002,,,,,,,,0,,,,,
ans-004-hi,ans-004,hi,answerable,,सहकारी चीनी मिलों के लिए NCDC को दी गई अनुदान सहायता योजना का कुल परिव्यय कितना है और यह राशि कैसे जारी की जाएगी?,"[[""grain_storage_plan_sop_hi.pdf"", 23, 0.3513], [""mscs_amendment_rules_2023.pdf"", 11, 0.2793], [""grain_storage_plan_sop_hi.pdf"", 42, 0.2775], [""ncdc_sugar_mills_scheme.pdf"", 2, 0.2553], [""mscs_amendment_rules_2023.pdf"", 21, 0.2513]]",0.0,0.0,0.0,0.0,0.0,0.001,,0.001,,,,,,,,0,,,,,
ans-004-mr,ans-004,mr,answerable,,सहकारी साखर कारखान्यांसाठी NCDC ला दिलेल्या अनुदान योजनेचा एकूण परिव्यय किती आहे आणि ही रक्कम कशी वितरित केली जाईल?,"[[""mh_women_farmer_act_2026_mr.pdf"", 8, 0.2927], [""mh_women_farmer_act_2026_mr.pdf"", 11, 0.2904], [""ncdc_sugar_mills_scheme.pdf"", 2, 0.2346], [""grain_storage_plan_sop_hi.pdf"", 42, 0.2298], [""mh_women_farmer_act_2026_mr.pdf"", 3, 0.2209]]",0.0,0.0,0.0,0.0,0.0,0.001,,0.001,,,,,,,,0,,,,,
ans-004-hinglish,ans-004,hinglish,answerable,,Cooperative sugar mills ke liye NCDC ko grant-in-aid scheme ka total outlay kitna hai aur paisa kaise release hoga?,"[[""ncdc_sugar_mills_scheme.pdf"", 1, 0.4154], [""ncdc_sugar_mills_scheme.pdf"", 2, 0.1719], [""mh_pkvy_gr_mr.pdf"", 6, 0.1429], [""mh_pkvy_gr_mr.pdf"", 6, 0.1384], [""mh_pkvy_gr_mr.pdf"", 6, 0.1377]]",1.0,1.0,1.0,0.2,1.0,0.001,,0.001,,,,,,,,0,,,,,
ans-005-en,ans-005,en,answerable,,Up to what share of an ethanol project's cost does NCDC give as a term loan to a cooperative sugar mill?,"[[""ncdc_sugar_mills_scheme.pdf"", 2, 0.5153], [""ncdc_sugar_mills_scheme.pdf"", 1, 0.325], [""ncdc_sugar_mills_scheme.pdf"", 2, 0.2853], [""ncdc_sugar_mills_scheme.pdf"", 2, 0.267], [""ncdc_sugar_mills_scheme.pdf"", 2, 0.2058]]",1.0,1.0,1.0,1.0,1.0,0.001,,0.001,,,,,,,,0,,,,,
ans-005-hi,ans-005,hi,answerable,,NCDC सहकारी चीनी मिल को इथेनॉल परियोजना की लागत का अधिकतम कितना हिस्सा सावधि ऋण (टर्म लोन) के रूप में देता है?,"[[""ncdc_sugar_mills_scheme.pdf"", 2, 0.2155], [""ncp_2025_hi.pdf"", 20, 0.1973], [""ncp_2025_hi.pdf"", 25, 0.1804], [""grain_storage_plan_sop_hi.pdf"", 23, 0.1677], [""grain_storage_plan_sop_hi.pdf"", 36, 0.1634]]",1.0,1.0,1.0,0.2,1.0,0.001,,0.001,,,,,,,,0,,,,,
ans-005-mr,ans-005,mr,answerable,,NCDC सहकारी साखर कारखान्याला इथेनॉल प्रकल्पाच्या खर्चाच्या जास्तीत जास्त किती टक्के मुदत कर्ज देते?,"[[""ncdc_sugar_mills_scheme.pdf"", 2, 0.2221], [""mh_agri_citizen_charter_schemes_2026_mr.pdf"", 23, 0.1805], [""ncp_2025_hi.pdf"", 25, 0.1794], [""mh_farmer_loan_waiver_2026_mr.pdf"", 6, 0.1648], [""mh_agri_citizen_charter_schemes_2026_mr.pdf"", 18, 0.1555]]",1.0,1.0,1.0,0.2,1.0,0.001,,0.001,,,,,,,,0,,,,,
ans-005-hinglish,ans-005,hinglish,answerable,,NCDC cooperative sugar mill ko ethanol project cost ka kitna percent term loan deta hai?,"[[""ncdc_sugar_mills_scheme.pdf"", 2, 0.5179], [""ncdc_sugar_mills_scheme.pdf"", 1, 0.3267], [""ncdc_sugar_mills_scheme.pdf"", 2, 0.2868], [""ncdc_sugar_mills_scheme.pdf"", 2, 0.2683], [""ncdc_sugar_mills_scheme.pdf"", 2, 0.2068]]",1.0,1.0,1.0,1.0,1.0,0.001,,0.001,,,,,,,,0,,,,,
ans-006-en,ans-006,en,answerable,,How many of India's cooperative sugar mills are inoperative?,"[[""ncdc_sugar_mills_scheme.pdf"", 1, 0.4154], [""ncdc_sugar_mills_scheme.pdf"", 1, 0.2126], [""mscs_act_2002_en.pdf"", 77, 0.1571], [""mscs_act_2002_en.pdf"", 70, 0.1546], [""mscs_amendment_act_2023.pdf"", 23, 0.1404]]",1.0,1.0,1.0,0.4,1.0,0.002,,0.002,,,,,,,,0,,,,,
ans-006-hi,ans-006,hi,answerable,,भारत की कितनी सहकारी चीनी मिलें बंद (निष्क्रिय) पड़ी हैं?,"[[""mh_farmer_loan_waiver_2026_mr.pdf"", 4, 0.2769], [""mscs_amendment_rules_2023.pdf"", 13, 0.2393], [""grain_storage_plan_sop_hi.pdf"", 1, 0.21], [""mscs_amendment_rules_2023.pdf"", 13, 0.21], [""mscs_amendment_rules_2023.pdf"", 14, 0.1869]]",0.0,0.0,0.0,0.0,0.0,0.001,,0.001,,,,,,,,0,,,,,
ans-006-mr,ans-006,mr,answerable,,भारतातील किती सहकारी साखर कारखाने बंद (अकार्यरत) आहेत?,"[[""mh_fruit_crop_insurance_gr_2026_mr.pdf"", 46, 0.353], [""mh_fruit_crop_insurance_gr_2026_mr.pdf"", 78, 0.3518], [""mh_fruit_crop_insurance_gr_2026_mr.pdf"", 46, 0.3508], [""mh_fruit_crop_insurance_gr_2026_mr.pdf"", 78, 0.3494], [""mh_fruit_crop_insurance_gr_2026_mr.pdf"", 46, 0.2858]]",0.0,0.0,0.0,0.0,0.0,0.001,,0.001,,,,,,,,0,,,,,
ans-006-hinglish,ans-006,hinglish,answerable,,India mein kitni cooperative sugar mills band padi hain?,"[[""ncdc_sugar_mills_scheme.pdf"", 1, 0.4702], [""ncdc_sugar_mills_scheme.pdf"", 1, 0.2634], [""mscs_act_2002_en.pdf"", 77, 0.1947], [""mscs_act_2002_en.pdf"", 70, 0.1916], [""mscs_amendment_act_2023.pdf"", 23, 0.174]]",1.0,1.0,1.0,0.4,1.0,0.001,,0.001,,,,,,,,0,,,,,
ans-007-en,ans-007,en,answerable,,What convenience fee is charged for doing PM-KISAN biometric e-KYC at a Common Service Centre?,"[[""pmkisan_ekyc_note_en.pdf"", 1, 0.3541], [""pmkisan_ekyc_note_en.pdf"", 2, 0.1996], [""pmkmy_faqs_en.pdf"", 4, 0.185], [""pmkisan_ekyc_note_en.pdf"", 2, 0.1714], [""pmkisan_ekyc_note_en.pdf"", 2, 0.1503]]",1.0,1.0,1.0,0.8,1.0,0.001,,0.001,,,,,,,,0,,,,,
ans-007-hi,ans-007,hi,answerable,,कॉमन सर्विस सेंटर (CSC) पर पीएम-किसान का बायोमेट्रिक ई-केवाईसी करवाने का सुविधा शुल्क कितना है?,"[[""pmkisan_ekyc_note_hi.pdf"", 1, 0.342], [""pmkisan_ekyc_note_hi.pdf"", 1, 0.2339], [""pmkisan_ekyc_note_hi.pdf"", 2, 0.2009], [""pmkisan_ekyc_note_hi.pdf"", 2, 0.197], [""pmkisan_ekyc_note_hi.pdf"", 2, 0.1851]]",1.0,1.0,1.0,1.0,1.0,0.001,,0.001,,,,,,,,0,,,,,
ans-007-mr,ans-007,mr,answerable,,कॉमन सर्व्हिस सेंटरवर (CSC) पीएम-किसानचे बायोमेट्रिक ई-केवायसी करण्यासाठी किती सुविधा शुल्क आकारले जाते?,"[[""grain_storage_plan_sop_hi.pdf"", 4, 0.3059], [""mh_agri_citizen_charter_schemes_2026_mr.pdf"", 1, 0.2448], [""pmkisan_ekyc_note_mr.pdf"", 1, 0.194], [""mh_pmfby_gr_2026_mr.pdf"", 15, 0.1899], [""grain_storage_plan_sop_hi.pdf"", 31, 0.1831]]",0.0,1.0,1.0,0.2,0.3333333333333333,0.001,,0.001,,,,,,,,0,,,,,
ans-007-hinglish,ans-007,hinglish,answerable,,CSC par PM-KISAN ka biometric e-KYC karwane ki fees kitni lagti hai?,"[[""pmkisan_ekyc_note_en.pdf"", 1, 0.3054], [""pmkmy_faqs_en.pdf"", 4, 0.1903], [""pmkisan_ekyc_note_en.pdf"", 2, 0.1763], [""pmkmy_faqs_en.pdf"", 6, 0.1506], [""pmkmy_guidelines_en.pdf"", 6, 0.1457]]",1.0,1.0,1.0,0.4,1.0,0.001,,0.001,,,,,,,,0,,,,,
ans-008-en,ans-008,en,answerable,,After how long does a completed e-KYC show up in the PM-KISAN beneficiary status?,"[[""pmkisan_ekyc_note_en.pdf"", 2, 0.4421], [""pmkisan_ekyc_note_en.pdf"", 1, 0.3094], [""pmkmy_faqs_en.pdf"", 4, 0.2351], [""pmkisan_ekyc_note_en.pdf"", 2, 0.2297], [""pmkisan_guidelines_en.pdf"", 5, 0.1901]]",1.0,1.0,1.0,0.6,1.0,0.001,,0.001,,,,,,,,0,,,,,
ans-008-hi,ans-008,hi,answerable,,ई-केवाईसी पूरा होने के कितने समय बाद वह पीएम-किसान लाभार्थी स्थिति (बेनिफिशियरी स्टेटस) में दिखता है?,"[[""pmkisan_ekyc_note_hi.pdf"", 1, 0.2915], [""mh_fruit_crop_insurance_gr_2026_mr.pdf"", 88, 0.2643], [""mh_fruit_crop_insurance_gr_2026_mr.pdf"", 88, 0.2481], [""mh_fruit_crop_insurance_gr_2026_mr.pdf"", 88, 0.2276], [""mh_fruit_crop_insurance_gr_2026_mr.pdf"", 88, 0.2238]]",1.0,1.0,1.0,0.2,1.0,0.001,,0.001,,,,,,,,0,,,,,
ans-008-mr,ans-008,mr,answerable,,ई-केवायसी पूर्ण झाल्यानंतर किती वेळाने ते पीएम-किसान लाभार्थी स्थितीमध्ये दिसते?,"[[""pmkisan_ekyc_note_mr.pdf"", 1, 0.2848], [""pmkisan_ekyc_note_mr.pdf"", 1, 0.2645], [""grain_storage_plan_sop_hi.pdf"", 20, 0.2437], [""pmkisan_ekyc_note_mr.pdf"", 2, 0.2269], [""pmkisan_ekyc_note_mr.pdf"", 2, 0.2127]]",1.0,1.0,1.0,0.8,1.0,0.001,,0.001,,,,,,,,0,,,,,
ans-008-hinglish,ans-008,hinglish,answerable,,e-KYC complete hone ke kitne time baad PM-KISAN beneficiary status mein dikhta hai?,"[[""pmkisan_ekyc_note_en.pdf"", 2, 0.4321], [""pmkisan_ekyc_note_en.pdf"", 1, 0.3025], [""pmkmy_faqs_en.pdf"", 4, 0.2298], [""pmkisan_ekyc_note_en.pdf"", 1, 0.2116], [""pmkisan_ekyc_note_en.pdf"", 2, 0.1877]]",1.0,1.0,1.0,0.8,1.0,0.001,,0.001,,,,,,,,0,,,,,
ans-009-en,ans-009,en,answerable,,What does a farmer need to do OTP-based e-KYC for PM-KISAN?,"[[""pmkisan_ekyc_note_en.pdf"", 1, 0.4695], [""pmkisan_ekyc_note_en.pdf"", 1, 0.385], [""pmkisan_guidelines_en.pdf"", 8, 0.2506], [""pmkmy_faqs_en.pdf"", 4, 0.237], [""pmkisan_ekyc_note_en.pdf"", 2, 0.2196]]",1.0,1.0,1.0,0.4,1.0,0.001,,0.001,,,,,,,,0,,,,,
ans-009-hi,ans-009,hi,answerable,,पीएम-किसान के लिए ओटीपी आधारित ई-केवाईसी करने के लिए किसान के पास क्या होना चाहिए?,"[[""pmkisan_ekyc_note_hi.pdf"", 1, 0.5277], [""pmkisan_ekyc_note_hi.pdf"", 1, 0.5096], [""pmkisan_ekyc_note_hi.pdf"", 2, 0.2559], [""pmkisan_ekyc_note_mr.pdf"", 1, 0.2382], [""pmkisan_ekyc_note_hi.pdf"", 2, 0.2249]]",1.0,1.0,1.0,0.6,1.0,0.001,,0.001,,,,,,,,0,,,,,
ans-009-mr,ans-009,mr,answerable,,पीएम-किसानसाठी ओटीपी आधारित ई-केवायसी करण्यासाठी शेतकऱ्याकडे काय असणे आवश्यक आहे?,"[[""pmkisan_ekyc_note_mr.pdf"", 1, 0.3712], [""mh_women_farmer_act_2026_mr.pdf"", 10, 0.2724], [""mh_women_farmer_act_2026_mr.pdf"", 2, 0.2329], [""mh_women_farmer_act_2026_mr.pdf"", 7, 0.229], [""pmkisan_ekyc_note_hi.pdf"", 1, 0.2284]]",1.0,1.0,1.0,0.4,1.0,0.001,,0.001,,,,,,,,0,,,,,
ans-009-hinglish,ans-009,hinglish,answerable,,PM-KISAN ka OTP wala e-KYC karne ke liye farmer ke paas kya hona chahiye?,"[[""pmkisan_ekyc_note_en.pdf"", 1, 0.2739], [""pmkisan_ekyc_note_en.pdf"", 1, 0.2539], [""pmkmy_faqs_en.pdf"", 4, 0.1762], [""pmkisan_ekyc_note_en.pdf"", 2, 0.1633], [""pmkmy_guidelines_en.pdf"", 2, 0.1449]]",1.0,1.0,1.0,0.4,1.0,0.001,,0.001,,,,,,,,0,,,,,
ans-010-en,ans-010,en,answerable,,What is the cut-off date for deciding eligibility of beneficiaries under PM-KISAN?,"[[""pmkmy_faqs_en.pdf"", 2, 0.5656], [""pmkmy_faqs_en.pdf"", 4, 0.2867], [""pmkisan_ekyc_note_en.pdf"", 2, 0.2656], [""pmkisan_guidelines_en.pdf"", 5, 0.2655], [""pmkmy_faqs_en.pdf"", 4, 0.2623]]",0.0,0.0,0.0,0.0,0.0,0.001,,0.001,,,,,,,,0,,,,,
ans-010-hi,ans-010,hi,answerable,,पीएम-किसान के तहत लाभार्थियों की पात्रता तय करने की कट-ऑफ तारीख क्या है?,"[[""pmkmy_guidelines_en.pdf"", 18, 0.1969], [""pmkisan_ekyc_note_hi.pdf"", 1, 0.1922], [""pmkmy_guidelines_en.pdf"", 19, 0.1677], [""ncp_2025_hi.pdf"", 20, 0.1676], [""pmkmy_faqs_en.pdf"", 14, 0.1548]]",0.0,0.0,0.0,0.0,0.0,0.001,,0.001,,,,,,,,0,,,,,
ans-010-mr,ans-010,mr,answerable,,पीएम-किसान योजनेअंतर्गत लाभार्थ्यांची पात्रता ठरवण्याची कट-ऑफ तारीख कोणती आहे?,"[[""mh_women_farmer_act_2026_mr.pdf"", 11, 0.2417], [""mh_women_farmer_act_2026_mr.pdf"", 2, 0.2396], [""mh_women_farmer_act_2026_mr.pdf"", 7, 0.2243], [""mh_pkvy_gr_mr.pdf"", 1, 0.19], [""mh_fruit_crop_insurance_gr_2026_mr.pdf"", 146, 0.175]]",0.0,0.0,0.0,0.0,0.0,0.001,,0.001,,,,,,,,0,,,,,
ans-010-hinglish,ans-010,hinglish,answerable,,PM-KISAN mein beneficiary eligibility decide karne ki cut-off date kya hai?,"[[""pmkmy_faqs_en.pdf"", 2, 0.3645], [""pmkisan_ekyc_note_en.pdf"", 2, 0.2585], [""pmkisan_guidelines_en.pdf"", 5, 0.2549], [""pmkmy_faqs_en.pdf"", 4, 0.231], [""pmkisan_guidelines_en.pdf"", 12, 0.1837]]",0.0,0.0,0.0,0.0,0.0,0.001,,0.001,,,,,,,,0,,,,,
ans-011-en,ans-011,en,answerable,,Are retired pensioners eligible for PM-KISAN benefits?,"[[""pmkmy_faqs_en.pdf"", 4, 0.3782], [""pmkmy_guidelines_en.pdf"", 4, 0.2554], [""pmkisan_ekyc_note_en.pdf"", 2, 0.2492], [""pmkmy_faqs_en.pdf"", 4, 0.237], [""pmkisan_guidelines_en.pdf"", 5, 0.2154]]",0.0,0.0,0.0,0.0,0.0,0.001,,0.001,,,,,,,,0,,,,,
ans-011-hi,ans-011,hi,answerable,,क्या सेवानिवृत्त पेंशनभोगी पीएम-किसान का लाभ पाने के पात्र हैं?,"[[""pmkisan_ekyc_note_hi.pdf"", 1, 0.3166], [""pmkisan_ekyc_note_mr.pdf"", 1, 0.315], [""pmkisan_ekyc_note_hi.pdf"", 2, 0.3129], [""pmkisan_ekyc_note_mr.pdf"", 1, 0.2512], [""pmkisan_ekyc_note_hi.pdf"", 1, 0.236]]",0.0,0.0,0.0,0.0,0.0,0.001,,0.001,,,,,,,,0,,,,,
ans-011-mr,ans-011,mr,answerable,,सेवानिवृत्त निवृत्तीवेतनधारक पीएम-किसानच्या लाभासाठी पात्र आहेत का?,"[[""mh_agri_citizen_charter_schemes_2026_mr.pdf"", 1, 0.3555], [""mh_agri_citizen_charter_schemes_2026_mr.pdf"", 1, 0.2771], [""mh_agri_citizen_charter_schemes_2026_mr.pdf"", 16, 0.2683], [""mh_agri_citizen_charter_schemes_2026_mr.pdf"", 3, 0.2599], [""mh_agri_citizen_charter_schemes_2026_mr.pdf"", 4, 0.2599]]",0.0,0.0,0.0,0.0,0.0,0.001,,0.001,,,,,,,,0,,,,,
ans-011-hinglish,ans-011,hinglish,answerable,,Kya retired pensioners PM-KISAN ka benefit le sakte hain?,"[[""pmkmy_faqs_en.pdf"", 4, 0.2555], [""pmkisan_ekyc_note_en.pdf"", 2, 0.2057], [""pmkmy_faqs_en.pdf"", 4, 0.2041], [""pmkisan_ekyc_note_en.pdf"", 1, 0.1965], [""pmkmy_faqs_en.pdf"", 3, 0.1901]]",0.0,0.0,0.0,0.0,0.0,0.001,,0.001,,,,,,,,0,,,,,
ans-012-en,ans-012,en,answerable,,How is a landholder farmer's family defined under PM-KISAN?,"[[""pmkisan_guidelines_en.pdf"", 2, 0.3909], [""pmkmy_faqs_en.pdf"", 1, 0.3842], [""pmkmy_faqs_en.pdf"", 4, 0.2713], [""pmkisan_ekyc_note_en.pdf"", 2, 0.2514], [""pmkisan_guidelines_en.pdf"", 9, 0.235]]",1.0,1.0,1.0,0.2,1.0,0.001,,0.001,,,,,,,,0,,,,,
ans-012-hi,ans-012,hi,answerable,,पीएम-किसान के तहत भूमिधारक किसान परिवार की परिभाषा क्या है?,"[[""mh_fruit_crop_insurance_gr_2026_mr.pdf"", 55, 0.3037], [""mh_fruit_crop_insurance_gr_2026_mr.pdf"", 87, 0.3022], [""mh_fruit_crop_insurance_gr_2026_mr.pdf"", 87, 0.3006], [""mh_fruit_crop_insurance_gr_2026_mr.pdf"", 55, 0.2997], [""mh_fruit_crop_insurance_gr_2026_mr.pdf"", 87, 0.2995]]",0.0,0.0,0.0,0.0,0.0,0.001,,0.001,,,,,,,,0,,,,,
ans-012-mr,ans-012,mr,answerable,,पीएम-किसान योजनेत जमीनधारक शेतकरी कुटुंबाची व्याख्या काय आहे?,"[[""pmkisan_ekyc_note_mr.pdf"", 1, 0.3001], [""mh_farmer_loan_waiver_2026_mr.pdf"", 2, 0.1967], [""mh_fruit_crop_insurance_gr_2026_mr.pdf"", 116, 0.1879], [""mh_women_farmer_act_2026_mr.pdf"", 3, 0.1849], [""pmkisan_ekyc_note_mr.pdf"", 1, 0.1776]]",0.0,0.0,0.0,0.0,0.0,0.001,,0.001,,,,,,,,0,,,,,
ans-012-hinglish,ans-012,hinglish,answerable,,"PM-KISAN mein landholder farmer family ki definition kya hai, family mein kaun kaun aata hai?","[[""ncp_2025_en.pdf"", 8, 0.3441], [""pmkisan_guidelines_en.pdf"", 2, 0.3403], [""ncp_2025_en.pdf"", 8, 0.2818], [""pmkisan_guidelines_en.pdf"", 4, 0.2632], [""pmkmy_faqs_en.pdf"", 1, 0.2061]]",0.0,1.0,1.0,0.2,0.5,0.001,,0.001,,,,,,,,0,,,,,
ans-013-en,ans-013,en,answerable,,Who heads the national-level review committee of PM-KISAN?,"[[""pmkisan_guidelines_en.pdf"", 7, 0.3689], [""pmkmy_faqs_en.pdf"", 4, 0.2614], [""pmkisan_ekyc_note_en.pdf"", 2, 0.2422], [""pmkisan_guidelines_en.pdf"", 5, 0.2271], [""grain_storage_plan_sop_en.pdf"", 28, 0.2184]]",1.0,1.0,1.0,0.2,1.0,0.001,,0.001,,,,,,,,0,,,,,
ans-013-hi,ans-013,hi,answerable,,पीएम-किसान की राष्ट्रीय स्तर की समीक्षा समिति की अध्यक्षता कौन करता है?,"[[""mh_fruit_crop_insurance_gr_2026_mr.pdf"", 93, 0.2732], [""mh_fruit_crop_insurance_gr_2026_mr.pdf"", 135, 0.2661], [""mh_fruit_crop_insurance_gr_2026_mr.pdf"", 131, 0.265], [""mh_fruit_crop_insurance_gr_2026_mr.pdf"", 132, 0.244], [""mh_fruit_crop_insurance_gr_2026_mr.pdf"", 132, 0.2311]]",0.0,0.0,0.0,0.0,0.0,0.001,,0.001,,,,,,,,0,,,,,
ans-013-mr,ans-013,mr,answerable,,पीएम-किसानच्या राष्ट्रीय स्तरावरील आढावा समितीचे अध्यक्ष कोण असतात?,"[[""mh_fruit_crop_insurance_gr_2026_mr.pdf"", 135, 0.2239], [""mh_fruit_crop_insurance_gr_2026_mr.pdf"", 131, 0.2229], [""mh_fruit_crop_insurance_gr_2026_mr.pdf"", 132, 0.2053], [""mh_agri_citizen_charter_schemes_2026_mr.pdf"", 1, 0.2037], [""mh_fruit_crop_insurance_gr_2026_mr.pdf"", 132, 0.1944]]",0.0,0.0,0.0,0.0,0.0,0.001,,0.001,,,,,,,,0,,,,,
ans-013-hinglish,ans-013,hinglish,answerable,,PM-KISAN ki national level review committee ko kaun head karta hai?,"[[""pmkisan_guidelines_en.pdf"", 7, 0.34], [""pmkmy_faqs_en.pdf"", 4, 0.2409], [""pmkisan_ekyc_note_en.pdf"", 2, 0.2232], [""pmkisan_guidelines_en.pdf"", 5, 0.2136], [""pmkisan_guidelines_en.pdf"", 5, 0.2094]]",1.0,1.0,1.0,0.2,1.0,0.001,,0.001,,,,,,,,0,,,,,
ans-014-en,ans-014,en,answerable,,From which date does PM-KISAN apply (the start of the benefit period)?,"[[""pmkmy_faqs_en.pdf"", 4, 0.2889], [""pmkisan_ekyc_note_en.pdf"", 2, 0.2326], [""pmkmy_faqs_en.pdf"", 4, 0.2308], [""pmkisan_ekyc_note_en.pdf"", 1, 0.2222], [""pmkmy_guidelines_en.pdf"", 4, 0.2123]]",0.0,0.0,0.0,0.0,0.0,0.001,,0.001,,,,,,,,0,,,,,
ans-014-hi,ans-014,hi,answerable,,पीएम-किसान योजना किस तारीख से लागू मानी गई है?,"[[""pmkisan_ekyc_note_mr.pdf"", 1, 0.2672], [""pmkisan_ekyc_note_hi.pdf"", 1, 0.265], [""pmkisan_ekyc_note_hi.pdf"", 1, 0.2402], [""pmkisan_ekyc_note_hi.pdf"", 2, 0.2234], [""mscs_amendment_rules_2023.pdf"", 15, 0.2103]]",0.0,0.0,0.0,0.0,0.0,0.001,,0.001,,,,,,,,0,,,,,
ans-014-mr,ans-014,mr,answerable,,पीएम-किसान योजना कोणत्या तारखेपासून लागू आहे?,"[[""mh_women_farmer_act_2026_mr.pdf"", 2, 0.328], [""mh_women_farmer_act_2026_mr.pdf"", 7, 0.3071], [""mh_women_farmer_act_2026_mr.pdf"", 11, 0.2822], [""mh_women_farmer_act_2026_mr.pdf"", 10, 0.2099], [""pmkisan_ekyc_note_mr.pdf"", 1, 0.202]]",0.0,0.0,0.0,0.0,0.0,0.001,,0.001,,,,,,,,0,,,,,
ans-014-hinglish,ans-014,hinglish,answerable,,PM-KISAN scheme kis date se lagu hai?,"[[""pmkmy_faqs_en.pdf"", 4, 0.3955], [""pmkisan_ekyc_note_en.pdf"", 2, 0.3059], [""pmkmy_guidelines_en.pdf"", 2, 0.2968], [""pmkisan_guidelines_en.pdf"", 2, 0.2855], [""pmkmy_guidelines_en.pdf"", 4, 0.2785]]",0.0,0.0,0.0,0.0,0.0,0.001,,0.001,,,,,,,,0,,,,,
ans-015-en,ans-015,en,answerable,,About how many farmer families were estimated to be eligible for PM-KISAN?,"[[""pmkmy_faqs_en.pdf"", 4, 0.3073], [""pmkisan_guidelines_en.pdf"", 2, 0.2937], [""pmkisan_ekyc_note_en.pdf"", 2, 0.254], [""pmkmy_faqs_en.pdf"", 4, 0.2416], [""grain_storage_plan_sop_en.pdf"", 38, 0.2413]]",0.0,0.0,0.0,0.0,0.0,0.001,,0.001,,,,,,,,0,,,,,
ans-015-hi,ans-015,hi,answerable,,अनुमान के अनुसार लगभग कितने किसान परिवार पीएम-किसान के पात्र थे?,"[[""grain_storage_plan_sop_hi.pdf"", 20, 0.2793], [""mscs_amendment_rules_2023.pdf"", 3, 0.1959], [""grain_storage_plan_sop_hi.pdf"", 15, 0.1862], [""mscs_amendment_rules_2023.pdf"", 14, 0.1725], [""grain_storage_plan_sop_hi.pdf"", 36, 0.1718]]",0.0,0.0,0.0,0.0,0.0,0.001,,0.001,,,,,,,,0,,,,,
ans-015-mr,ans-015,mr,answerable,,अंदाजानुसार सुमारे किती शेतकरी कुटुंबे पीएम-किसानसाठी पात्र होती?,"[[""pmkisan_ekyc_note_hi.pdf"", 1, 0.2151], [""pmkisan_ekyc_note_mr.pdf"", 1, 0.214], [""pmkisan_ekyc_note_hi.pdf"", 2, 0.2126], [""pmkisan_ekyc_note_mr.pdf"", 1, 0.2036], [""mh_fruit_crop_insurance_gr_2026_mr.pdf"", 9, 0.1962]]",0.0,0.0,0.0,0.0,0.0,0.001,,0.001,,,,,,,,0,,,,,
ans-015-hinglish,ans-015,hinglish,answerable,,Andaaz ke hisaab se lagbhag kitne farmer families PM-KISAN ke liye eligible thi?,"[[""pmkmy_faqs_en.pdf"", 4, 0.2059], [""pmkisan_guidelines_en.pdf"", 2, 0.1968], [""pmkisan_ekyc_note_en.pdf"", 2, 0.1702], [""pmkmy_faqs_en.pdf"", 4, 0.1619], [""pmkisan_guidelines_en.pdf"", 4, 0.1558]]",0.0,0.0,0.0,0.0,0.0,0.001,,0.001,,,,,,,,0,,,,,
ans-016-en,ans-016,en,answerable,,What is the estimated annual expenditure on PM-KISAN?,"[[""pmkmy_faqs_en.pdf"", 4, 0.2853], [""pmkisan_ekyc_note_en.pdf"", 2, 0.2643], [""grain_storage_plan_sop_en.pdf"", 38, 0.2511], [""pmkmy_faqs_en.pdf"", 4, 0.2078], [""mscs_act_2002_en.pdf"", 27, 0.2018]]",0.0,0.0,0.0,0.0,0.0,0.001,,0.001,,,,,,,,0,,,,,
ans-016-hi,ans-016,hi,answerable,,पीएम-किसान पर अनुमानित वार्षिक खर्च कितना है?,"[[""pmkisan_ekyc_note_hi.pdf"", 1, 0.2175], [""mscs_amendment_rules_2023.pdf"", 3, 0.2012], [""mh_farmer_loan_waiver_2026_mr.pdf"", 4, 0.1968], [""mh_fruit_crop_insurance_gr_2026_mr.pdf"", 56, 0.1963], [""pmkisan_ekyc_note_hi.pdf"", 2, 0.1944]]",0.0,0.0,0.0,0.0,0.0,0.001,,0.001,,,,,,,,0,,,,,
ans-016-mr,ans-016,mr,answerable,,पीएम-किसानवर अंदाजे वार्षिक खर्च किती आहे?,"[[""pmkisan_ekyc_note_hi.pdf"", 1, 0.224], [""pmkisan_ekyc_note_mr.pdf"", 1, 0.2228], [""pmkisan_ekyc_note_hi.pdf"", 2, 0.2214], [""mh_women_farmer_act_2026_mr.pdf"", 3, 0.1907], [""pmkisan_ekyc_note_mr.pdf"", 1, 0.1777]]",0.0,0.0,0.0,0.0,0.0,0.001,,0.001,,,,,,,,0,,,,,
ans-016-hinglish,ans-016,hinglish,answerable,,PM-KISAN par saal ka estimated kharcha kitna hai?,"[[""pmkmy_faqs_en.pdf"", 4, 0.2542], [""pmkisan_ekyc_note_en.pdf"", 2, 0.2355], [""grain_storage_plan_sop_en.pdf"", 38, 0.2237], [""pmkmy_faqs_en.pdf"", 4, 0.1851], [""pmkisan_guidelines_en.pdf"", 2, 0.1793]]",0.0,0.0,0.0,0.0,0.0,0.001,,0.001,,,,,,,,0,,,,,
ans-017-en,ans-017,en,answerable,,What is the entry age group for the Pradhan Mantri Kisan Maan-Dhan Yojana?,"[[""pmkmy_guidelines_en.pdf"", 1, 0.5335], [""pmkmy_guidelines_en.pdf"", 1, 0.2926], [""pmkmy_faqs_en.pdf"", 1, 0.2897], [""pmkmy_guidelines_en.pdf"", 3, 0.239], [""pmkisan_guidelines_en.pdf"", 2, 0.2385]]",1.0,1.0,1.0,0.6,1.0,0.001,,0.001,,,,,,,,0,,,,,
ans-017-hi,ans-017,hi,answerable,,प्रधानमंत्री किसान मान-धन योजना में शामिल होने की आयु सीमा क्या है?,"[[""mh_pmfby_gr_2026_mr.pdf"", 45, 0.4015], [""mh_pmfby_gr_2026_mr.pdf"", 1, 0.3973], [""mh_pmfby_gr_2026_mr.pdf"", 46, 0.3441], [""mh_pmfby_gr_2026_mr.pdf"", 27, 0.333], [""mh_pmfby_gr_2026_mr.pdf"", 20, 0.3088]]",0.0,0.0,0.0,0.0,0.0,0.001,,0.001,,,,,,,,0,,,,,
ans-017-mr,ans-017,mr,answerable,,प्रधानमंत्री किसान मानधन योजनेत सहभागी होण्यासाठी वयोमर्यादा किती आहे?,"[[""mh_pmfby_gr_2026_mr.pdf"", 27, 0.4416], [""mh_pmfby_gr_2026_mr.pdf"", 45, 0.4364], [""mh_pmfby_gr_2026_mr.pdf"", 1, 0.3944], [""mh_pmfby_gr_2026_mr.pdf"", 41, 0.3714], [""mh_pmfby_gr_2026_mr.pdf"", 24, 0.367]]",0.0,0.0,0.0,0.0,0.0,0.001,,0.001,,,,,,,,0,,,,,
ans-017-hinglish,ans-017,hinglish,answerable,,PM Kisan Maan-Dhan Yojana mein join karne ki age limit kya hai?,"[[""pmkmy_guidelines_en.pdf"", 1, 0.3437], [""pmkmy_guidelines_en.pdf"", 1, 0.2432], [""pmkmy_faqs_en.pdf"", 4, 0.201], [""pmkmy_faqs_en.pdf"", 1, 0.1871], [""pmkisan_ekyc_note_en.pdf"", 2, 0.1863]]",1.0,1.0,1.0,0.6,1.0,0.001,,0.001,,,,,,,,0,,,,,
ans-018-en,ans-018,en,answerable,,How much does a farmer contribute every month to PM Kisan Maan-Dhan Yojana?,"[[""pmkmy_guidelines_en.pdf"", 1, 0.2885], [""pmkmy_faqs_en.pdf"", 4, 0.2202], [""pmkisan_ekyc_note_en.pdf"", 2, 0.204], [""pmkmy_faqs_en.pdf"", 1, 0.1882], [""pmkmy_guidelines_en.pdf"", 2, 0.181]]",0.0,0.0,1.0,0.2,0.25,0.001,,0.001,,,,,,,,0,,,,,
ans-018-hi,ans-018,hi,answerable,,पीएम किसान मान-धन योजना में किसान को हर महीने कितना अंशदान देना होता है?,"[[""pmkmy_faqs_en.pdf"", 17, 0.2611], [""pmkmy_faqs_en.pdf"", 16, 0.2448], [""pmkmy_faqs_en.pdf"", 18, 0.24], [""pmkmy_faqs_en.pdf"", 16, 0.2328], [""pmkmy_faqs_en.pdf"", 15, 0.2321]]",0.0,0.0,0.0,0.0,0.0,0.001,,0.001,,,,,,,,0,,,,,
ans-018-mr,ans-018,mr,answerable,,पीएम किसान मानधन योजनेत शेतकऱ्याला दरमहा किती योगदान द्यावे लागते?,"[[""mh_women_farmer_act_2026_mr.pdf"", 1, 0.2574], [""mh_women_farmer_act_2026_mr.pdf"", 7, 0.2479], [""mh_women_farmer_act_2026_mr.pdf"", 10, 0.2219], [""pmkmy_guidelines_en.pdf"", 20, 0.195], [""mh_women_farmer_act_2026_mr.pdf"", 2, 0.1882]]",0.0,0.0,0.0,0.0,0.0,0.001,,0.001,,,,,,,,0,,,,,
ans-018-hinglish,ans-018,hinglish,answerable,,PM Kisan Maan-Dhan mein farmer ko har mahine kitna contribution dena padta hai?,"[[""pmkmy_faqs_en.pdf"", 4, 0.3181], [""pmkmy_guidelines_en.pdf"", 1, 0.2781], [""pmkisan_ekyc_note_en.pdf"", 2, 0.2576], [""pmkmy_guidelines_en.pdf"", 2, 0.2286], [""pmkmy_guidelines_en.pdf"", 4, 0.2238]]",0.0,0.0,1.0,0.2,0.2,0.002,,0.002,,,,,,,,0,,,,,
ans-019-en,ans-019,en,answerable,,Who is the Pension Fund Manager for PM Kisan Maan-Dhan Yojana?,"[[""pmkmy_guidelines_en.pdf"", 1, 0.3843], [""pmkmy_faqs_en.pdf"", 4, 0.3633], [""pmkmy_guidelines_en.pdf"", 4, 0.3265], [""pmkmy_faqs_en.pdf"", 4, 0.2276], [""pmkmy_faqs_en.pdf"", 1, 0.2248]]",0.0,1.0,1.0,0.6,0.5,0.001,,0.001,,,,,,,,0,,,,,
ans-019-hi,ans-019,hi,answerable,,पीएम किसान मान-धन योजना का पेंशन फंड मैनेजर कौन है?,"[[""pmkmy_guidelines_en.pdf"", 29, 0.2669], [""ncp_2025_hi.pdf"", 7, 0.2576], [""pmkmy_guidelines_en.pdf"", 19, 0.2548], [""mh_pmfby_gr_2026_mr.pdf"", 21, 0.2491], [""pmkmy_guidelines_en.pdf"", 16, 0.2355]]",0.0,0.0,0.0,0.0,0.0,0.001,,0.001,,,,,,,,0,,,,,
ans-019-mr,ans-019,mr,answerable,,पीएम किसान मानधन योजनेचा पेन्शन फंड व्यवस्थापक कोण आहे?,"[[""pmkmy_guidelines_en.pdf"", 29, 0.2363], [""ncp_2025_hi.pdf"", 7, 0.228], [""mh_pmfby_gr_2026_mr.pdf"", 47, 0.2103], [""pmkisan_ekyc_note_hi.pdf"", 1, 0.2082], [""pmkisan_ekyc_note_mr.pdf"", 1, 0.1889]]",0.0,0.0,0.0,0.0,0.0,0.001,,0.001,,,,,,,,0,,,,,
ans-019-hinglish,ans-019,hinglish,answerable,,PM Kisan Maan-Dhan Yojana ka pension fund manager kaun hai?,"[[""pmkmy_guidelines_en.pdf"", 1, 0.3532], [""pmkmy_faqs_en.pdf"", 4, 0.334], [""pmkmy_guidelines_en.pdf"", 4, 0.3001], [""pmkmy_faqs_en.pdf"", 4, 0.2092], [""pmkmy_faqs_en.pdf"", 1, 0.2066]]",0.0,1.0,1.0,0.6,0.5,0.001,,0.001,,,,,,,,0,,,,,
ans-020-en,ans-020,en,answerable,,What does the spouse get if a PM-KMY subscriber dies while receiving the pension?,"[[""pmkmy_faqs_en.pdf"", 1, 0.4041], [""pmkmy_faqs_en.pdf"", 5, 0.3867], [""pmkmy_guidelines_en.pdf"", 6, 0.2863], [""pmkmy_guidelines_en.pdf"", 4, 0.2302], [""pmkmy_guidelines_en.pdf"", 5, 0.2132]]",1.0,1.0,1.0,0.6,1.0,0.001,,0.001,,,,,,,,0,,,,,
ans-020-hi,ans-020,hi,answerable,,यदि पेंशन पा रहे पीएम किसान मान-धन लाभार्थी की मृत्यु हो जाए तो उसके पति/पत्नी को क्या मिलता है?,"[[""pmkmy_guidelines_en.pdf"", 16, 0.284], [""grain_storage_plan_sop_hi.pdf"", 31, 0.2688], [""mh_fruit_crop_insurance_gr_2026_mr.pdf"", 27, 0.1723], [""pmkmy_guidelines_en.pdf"", 29, 0.1711], [""mscs_amendment_rules_2023.pdf"", 8, 0.1676]]",0.0,0.0,0.0,0.0,0.0,0.002,,0.002,,,,,,,,0,,,,,
ans-020-mr,ans-020,mr,answerable,,पेन्शन मिळत असताना पीएम किसान मानधन लाभार्थ्याचा मृत्यू झाल्यास पती/पत्नीला काय मिळते?,"[[""grain_storage_plan_sop_hi.pdf"", 31, 0.2373], [""mh_fruit_crop_insurance_gr_2026_mr.pdf"", 27, 0.1521], [""pmkmy_guidelines_en.pdf"", 29, 0.151], [""ncp_2025_hi.pdf"", 7, 0.1457], [""mh_pmfby_gr_2026_mr.pdf"", 25, 0.1384]]",0.0,0.0,0.0,0.0,0.0,0.001,,0.001,,,,,,,,0,,,,,
ans-020-hinglish,ans-020,hinglish,answerable,,Agar PM Kisan Maan-Dhan ka subscriber pension lete hue mar jaaye to spouse ko kya milta hai?,"[[""pmkmy_faqs_en.pdf"", 5, 0.3451], [""pmkmy_faqs_en.pdf"", 1, 0.3282], [""pmkmy_guidelines_en.pdf"", 1, 0.3135], [""pmkmy_guidelines_en.pdf"", 4, 0.2571], [""pmkmy_guidelines_en.pdf"", 6, 0.2539]]",0.0,1.0,1.0,0.4,0.5,0.001,,0.001,,,,,,,,0,,,,,
ans-021-en,ans-021,en,answerable,,From which date is PM Kisan Maan-Dhan Yojana effective?,"[[""pmkmy_guidelines_en.pdf"", 1, 0.3873], [""pmkmy_faqs_en.pdf"", 4, 0.2484], [""pmkisan_ekyc_note_en.pdf"", 2, 0.2302], [""pmkmy_faqs_en.pdf"", 1, 0.2124], [""pmkmy_guidelines_en.pdf"", 1, 0.1868]]",1.0,1.0,1.0,0.4,1.0,0.001,,0.001,,,,,,,,0,,,,,
ans-021-hi,ans-021,hi,answerable,,पीएम किसान मान-धन योजना किस तारीख से प्रभावी है?,"[[""pmkmy_guidelines_en.pdf"", 19, 0.2423], [""pmkisan_ekyc_note_mr.pdf"", 1, 0.2322], [""mh_pmfby_gr_2026_mr.pdf"", 21, 0.2273], [""mscs_amendment_rules_2023.pdf"", 26, 0.2102], [""ncp_2025_hi.pdf"", 15, 0.2096]]",0.0,0.0,0.0,0.0,0.0,0.001,,0.001,,,,,,,,0,,,,,
ans-021-mr,ans-021,mr,answerable,,पीएम किसान मानधन योजना कोणत्या तारखेपासून लागू आहे?,"[[""mh_women_farmer_act_2026_mr.pdf"", 2, 0.328], [""mh_women_farmer_act_2026_mr.pdf"", 7, 0.3071], [""mh_women_farmer_act_2026_mr.pdf"", 11, 0.2822], [""mh_women_farmer_act_2026_mr.pdf"", 10, 0.2099], [""pmkisan_ekyc_note_mr.pdf"", 1, 0.202]]",0.0,0.0,0.0,0.0,0.0,0.001,,0.001,,,,,,,,0,,,,,
ans-021-hinglish,ans-021,hinglish,answerable,,PM Kisan Maan-Dhan Yojana kis date se effective hai?,"[[""pmkmy_guidelines_en.pdf"", 1, 0.3508], [""pmkmy_faqs_en.pdf"", 4, 0.225], [""pmkisan_ekyc_note_en.pdf"", 2, 0.2085], [""pmkmy_faqs_en.pdf"", 1, 0.1924], [""pmkmy_guidelines_en.pdf"", 1, 0.1692]]",1.0,1.0,1.0,0.4,1.0,0.001,,0.001,,,,,,,,0,,,,,
ans-022-en,ans-022,en,answerable,,"Who chaired the committee that drafted the National Cooperation Policy 2025, and how many members did it have?","[[""ncp_2025_en.pdf"", 34, 0.3678], [""ncp_2025_en.pdf"", 9, 0.3486], [""ncp_2025_en.pdf"", 5, 0.3238], [""grain_storage_plan_sop_en.pdf"", 7, 0.319], [""ncp_2025_en.pdf"", 12, 0.2043]]",0.0,1.0,1.0,0.2,0.5,0.001,,0.001,,,,,,,,0,,,,,
ans-022-hi,ans-022,hi,answerable,,राष्ट्रीय सहकारिता नीति 2025 का मसौदा तैयार करने वाली समिति के अध्यक्ष कौन थे और उसमें कितने सदस्य थे?,"[[""ncp_2025_hi.pdf"", 29, 0.3531], [""ncp_2025_hi.pdf"", 29, 0.3021], [""ncp_2025_hi.pdf"", 22, 0.2994], [""mh_women_farmer_act_2026_mr.pdf"", 8, 0.2866], [""ncp_2025_hi.pdf"", 28, 0.2855]]",0.0,0.0,0.0,0.0,0.0,0.001,,0.001,,,,,,,,0,,,,,
ans-022-mr,ans-022,mr,answerable,,राष्ट्रीय सहकार धोरण 2025 चा मसुदा तयार करणाऱ्या समितीचे अध्यक्ष कोण होते आणि त्यात किती सदस्य होते?,"[[""mh_women_farmer_act_2026_mr.pdf"", 9, 0.4107], [""mh_women_farmer_act_2026_mr.pdf"", 10, 0.3443], [""mh_women_farmer_act_2026_mr.pdf"", 7, 0.3191], [""mh_women_farmer_act_2026_mr.pdf"", 8, 0.315], [""mh_women_farmer_act_2026_mr.pdf"", 9, 0.3095]]",0.0,0.0,0.0,0.0,0.0,0.001,,0.001,,,,,,,,0,,,,,
ans-022-hinglish,ans-022,hinglish,answerable,,National Cooperation Policy 2025 ka draft banane wali committee ke chairman kaun the aur usme kitne members the?,"[[""ncp_2025_en.pdf"", 5, 0.3066], [""ncp_2025_en.pdf"", 9, 0.293], [""ncp_2025_en.pdf"", 34, 0.2621], [""grain_storage_plan_sop_en.pdf"", 32, 0.1977], [""ncp_2025_en.pdf"", 12, 0.1737]]",0.0,1.0,1.0,0.2,0.5,0.001,,0.001,,,,,,,,0,,,,,
ans-023-en,ans-023,en,answerable,,"How many new PACS, dairy and fishery cooperatives are to be formed in uncovered panchayats under the SOP mentioned in the National Cooperation Policy?","[[""ncp_2025_en.pdf"", 12, 0.4069], [""ncp_2025_en.pdf"", 21, 0.2617], [""ncp_2025_en.pdf"", 5, 0.2184], [""ncp_2025_en.pdf"", 9, 0.1968], [""ncp_2025_en.pdf"", 34, 0.1968]]",1.0,1.0,1.0,0.2,1.0,0.001,,0.001,,,,,,,,0,,,,,
ans-023-hi,ans-023,hi,answerable,,"राष्ट्रीय सहकारिता नीति में बताई गई SOP के तहत जिन पंचायतों में अभी कोई समिति नहीं है, वहाँ कितनी नई PACS, डेयरी और मत्स्य सहकारी समितियाँ बनाई जानी हैं?","[[""ncp_2025_hi.pdf"", 12, 0.3502], [""ncp_2025_hi.pdf"", 12, 0.2803], [""mscs_amendment_rules_2023.pdf"", 8, 0.2719], [""mscs_amendment_rules_2023.pdf"", 13, 0.2487], [""mscs_amendment_rules_2023.pdf"", 22, 0.241]]",1.0,1.0,1.0,0.4,1.0,0.001,,0.001,,,,,,,,0,,,,,
ans-023-mr,ans-023,mr,answerable,,"राष्ट्रीय सहकार धोरणात उल्लेख केलेल्या SOP अंतर्गत संस्था नसलेल्या पंचायतींमध्ये किती नवीन PACS, दुग्ध आणि मत्स्य सहकारी संस्था स्थापन करायच्या आहेत?","[[""grain_storage_plan_sop_hi.pdf"", 1, 0.2241], [""mscs_amendment_rules_2023.pdf"", 21, 0.2179], [""grain_storage_plan_sop_hi.pdf"", 18, 0.207], [""ncp_2025_hi.pdf"", 12, 0.1939], [""mh_women_farmer_act_2026_mr.pdf"", 4, 0.1857]]",0.0,0.0,1.0,0.2,0.25,0.001,,0.001,,,,,,,,0,,,,,
ans-023-hinglish,ans-023,hinglish,answerable,,"NCP ke SOP ke under uncovered panchayats mein kitni nayi PACS, dairy aur fishery cooperatives banani hain?","[[""ncp_2025_en.pdf"", 12, 0.3219], [""ncp_2025_en.pdf"", 21, 0.1658], [""ncp_2025_hi.pdf"", 12, 0.1372], [""ncp_2025_en.pdf"", 23, 0.1237], [""ncp_2025_en.pdf"", 18, 0.1046]]",1.0,1.0,1.0,0.4,1.0,0.001,,0.001,,,,,,,,0,,,,,
ans-024-en,ans-024,en,answerable,,Who will chair the National Steering Committee on Cooperation Policy?,"[[""ncp_2025_en.pdf"", 34, 0.4166], [""ncp_2025_en.pdf"", 5, 0.3694], [""ncp_2025_en.pdf"", 9, 0.3556], [""mscs_act_2002_en.pdf"", 35, 0.2247], [""ncp_2025_en.pdf"", 12, 0.2173]]",1.0,1.0,1.0,0.2,1.0,0.001,,0.001,,,,,,,,0,,,,,
ans-024-hi,ans-024,hi,answerable,,सहकारिता नीति पर राष्ट्रीय संचालन समिति (नेशनल स्टीयरिंग कमेटी) की अध्यक्षता कौन करेगा?,"[[""mh_fruit_crop_insurance_gr_2026_mr.pdf"", 89, 0.3432], [""mh_fruit_crop_insurance_gr_2026_mr.pdf"", 57, 0.329], [""mh_fruit_crop_insurance_gr_2026_mr.pdf"", 90, 0.3264], [""mh_fruit_crop_insurance_gr_2026_mr.pdf"", 89, 0.325], [""mh_fruit_crop_insurance_gr_2026_mr.pdf"", 56, 0.3238]]",0.0,0.0,0.0,0.0,0.0,0.001,,0.001,,,,,,,,0,,,,,
ans-024-mr,ans-024,mr,answerable,,सहकार धोरणावरील राष्ट्रीय सुकाणू समितीचे अध्यक्ष कोण असतील?,"[[""mh_women_farmer_act_2026_mr.pdf"", 8, 0.3479], [""grain_storage_plan_sop_hi.pdf"", 1, 0.3269], [""mh_fruit_crop_insurance_gr_2026_mr.pdf"", 135, 0.3021], [""mh_fruit_crop_insurance_gr_2026_mr.pdf"", 131, 0.3008], [""grain_storage_plan_sop_hi.pdf"", 7, 0.2843]]",0.0,0.0,0.0,0.0,0.0,0.001,,0.001,,,,,,,,0,,,,,
ans-024-hinglish,ans-024,hinglish,answerable,,Cooperation Policy ki National Steering Committee ko kaun chair karega?,"[[""ncp_2025_en.pdf"", 34, 0.3591], [""ncp_2025_en.pdf"", 5, 0.3184], [""ncp_2025_en.pdf"", 9, 0.3066], [""mscs_act_2002_en.pdf"", 35, 0.1938], [""ncp_2025_en.pdf"", 12, 0.1873]]",1.0,1.0,1.0,0.2,1.0,0.001,,0.001,,,,,,,,0,,,,,
ans-025-en,ans-025,en,answerable,,How many people does the National Cooperation Policy 2025 aim to bring within the ambit of cooperatives?,"[[""ncp_2025_en.pdf"", 5, 0.2326], [""ncp_2025_en.pdf"", 9, 0.2313], [""ncp_2025_en.pdf"", 34, 0.2142], [""ncp_2025_en.pdf"", 27, 0.1809], [""ncp_2025_en.pdf"", 12, 0.172]]",0.0,0.0,0.0,0.0,0.0,0.001,,0.001,,,,,,,,0,,,,,
ans-025-hi,ans-025,hi,answerable,,राष्ट्रीय सहकारिता नीति 2025 का लक्ष्य कितने लोगों को सहकारिता के दायरे में लाना है?,"[[""mh_fruit_crop_insurance_gr_2026_mr.pdf"", 88, 0.3309], [""mh_fruit_crop_insurance_gr_2026_mr.pdf"", 88, 0.3106], [""mh_fruit_crop_insurance_gr_2026_mr.pdf"", 88, 0.2849], [""mh_fruit_crop_insurance_gr_2026_mr.pdf"", 88, 0.2801], [""mscs_amendment_rules_2023.pdf"", 13, 0.2758]]",0.0,0.0,0.0,0.0,0.0,0.001,,0.001,,,,,,,,0,,,,,
ans-025-mr,ans-025,mr,answerable,,राष्ट्रीय सहकार धोरण 2025 चे किती लोकांना सहकार क्षेत्राच्या कक्षेत आणण्याचे उद्दिष्ट आहे?,"[[""grain_storage_plan_sop_hi.pdf"", 1, 0.3682], [""mscs_amendment_rules_2023.pdf"", 13, 0.274], [""grain_storage_plan_sop_hi.pdf"", 29, 0.2506], [""mscs_amendment_rules_2023.pdf"", 13, 0.2499], [""mh_farmer_loan_waiver_2026_mr.pdf"", 6, 0.2237]]",0.0,0.0,0.0,0.0,0.0,0.001,,0.001,,,,,,,,0,,,,,
ans-025-hinglish,ans-025,hinglish,answerable,,NCP 2025 kitne logon ko cooperatives se jodne ka target rakhti hai?,"[[""ncp_2025_en.pdf"", 21, 0.1411], [""ncp_2025_en.pdf"", 23, 0.1301], [""mscs_act_2002_en.pdf"", 76, 0.1149], [""mh_pmfby_gr_2026_mr.pdf"", 40, 0.1018], [""ncp_2025_en.pdf"", 14, 0.0998]]",0.0,1.0,1.0,0.2,0.5,0.001,,0.001,,,,,,,,0,,,,,
ans-026-en,ans-026,en,answerable,,"In the pilot of the World's Largest Grain Storage Plan, in how many PACS were godowns completed and what storage capacity was created?","[[""grain_storage_plan_sop_en.pdf"", 18, 0.5047], [""grain_storage_plan_sop_en.pdf"", 23, 0.4594], [""grain_storage_plan_sop_en.pdf"", 6, 0.4333], [""grain_storage_plan_sop_en.pdf"", 6, 0.4055], [""grain_storage_plan_sop_en.pdf"", 7, 0.3857]]",0.0,1.0,1.0,0.4,0.3333333333333333,0.001,,0.001,,,,,,,,0,,,,,
ans-026-hi,ans-026,hi,answerable,,विश्व की सबसे बड़ी अनाज भंडारण योजना के पायलट में कितनी PACS में गोदाम बनकर तैयार हुए और कितनी भंडारण क्षमता बनी?,"[[""grain_storage_plan_sop_hi.pdf"", 7, 0.2947], [""grain_storage_plan_sop_hi.pdf"", 18, 0.2751], [""grain_storage_plan_sop_hi.pdf"", 1, 0.2746], [""grain_storage_plan_sop_hi.pdf"", 8, 0.2632], [""grain_storage_plan_sop_hi.pdf"", 26, 0.2609]]",0.0,0.0,0.0,0.0,0.0,0.001,,0.001,,,,,,,,0,,,,,
ans-026-mr,ans-026,mr,answerable,,जगातील सर्वात मोठ्या धान्य साठवण योजनेच्या पथदर्शी प्रकल्पात किती PACS मध्ये गोदामे पूर्ण झाली आणि किती साठवण क्षमता निर्माण झाली?,"[[""mh_agri_citizen_charter_schemes_2026_mr.pdf"", 23, 0.1745], [""mh_women_farmer_act_2026_mr.pdf"", 6, 0.1643], [""mh_agri_citizen_charter_schemes_2026_mr.pdf"", 9, 0.1582], [""mh_agri_citizen_charter_schemes_2026_mr.pdf"", 18, 0.1417], [""mh_women_farmer_act_2026_mr.pdf"", 3, 0.1385]]",0.0,0.0,0.0,0.0,0.0,0.001,,0.001,,,,,,,,0,,,,,
ans-026-hinglish,ans-026,hinglish,answerable,,Grain storage plan ke pilot mein kitne PACS mein godown complete hue aur kitni storage capacity bani?,"[[""grain_storage_plan_sop_en.pdf"", 18, 0.3754], [""grain_storage_plan_sop_en.pdf"", 6, 0.3494], [""grain_storage_plan_sop_en.pdf"", 6, 0.3371], [""grain_storage_plan_sop_en.pdf"", 19, 0.3314], [""grain_storage_plan_sop_en.pdf"", 23, 0.3298]]",0.0,1.0,1.0,0.4,0.5,0.001,,0.001,,,,,,,,0,,,,,
ans-027-en,ans-027,en,answerable,,Who chairs the Inter-Ministerial Committee for the grain storage plan?,"[[""grain_storage_plan_sop_en.pdf"", 18, 0.2641], [""grain_storage_plan_sop_en.pdf"", 23, 0.248], [""grain_storage_plan_sop_en.pdf"", 32, 0.2127], [""grain_storage_plan_sop_en.pdf"", 22, 0.21], [""grain_storage_plan_sop_en.pdf"", 1, 0.2041]]",0.0,0.0,0.0,0.0,0.0,0.001,,0.001,,,,,,,,0,,,,,
ans-027-hi,ans-027,hi,answerable,,अनाज भंडारण योजना की अंतर-मंत्रालयी समिति की अध्यक्षता कौन करता है?,"[[""mh_women_farmer_act_2026_mr.pdf"", 8, 0.3117], [""grain_storage_plan_sop_hi.pdf"", 24, 0.3055], [""grain_storage_plan_sop_hi.pdf"", 23, 0.2951], [""grain_storage_plan_sop_hi.pdf"", 33, 0.2865], [""mscs_amendment_rules_2023.pdf"", 26, 0.2673]]",0.0,0.0,0.0,0.0,0.0,0.001,,0.001,,,,,,,,0,,,,,
ans-027-mr,ans-027,mr,answerable,,धान्य साठवण योजनेसाठीच्या आंतर-मंत्रालयीन समितीचे अध्यक्ष कोण आहेत?,"[[""mh_women_farmer_act_2026_mr.pdf"", 2, 0.2694], [""grain_storage_plan_sop_hi.pdf"", 7, 0.2486], [""mh_women_farmer_act_2026_mr.pdf"", 3, 0.2392], [""mh_fruit_crop_insurance_gr_2026_mr.pdf"", 20, 0.2301], [""mh_women_farmer_act_2026_mr.pdf"", 4, 0.2267]]",0.0,1.0,1.0,0.2,0.5,0.001,,0.001,,,,,,,,0,,,,,
ans-027-hinglish,ans-027,hinglish,answerable,,Grain storage plan ki Inter-Ministerial Committee ko kaun chair karta hai?,"[[""grain_storage_plan_sop_en.pdf"", 18, 0.2673], [""grain_storage_plan_sop_en.pdf"", 23, 0.251], [""grain_storage_plan_sop_en.pdf"", 32, 0.2153], [""grain_storage_plan_sop_en.pdf"", 22, 0.2126], [""grain_storage_plan_sop_en.pdf"", 1, 0.2066]]",0.0,0.0,0.0,0.0,0.0,0.001,,0.001,,,,,,,,0,,,,,
ans-028-en,ans-028,en,answerable,,What interest subvention is available to PACS under the Agriculture Infrastructure Fund for the grain storage project?,"[[""grain_storage_plan_sop_en.pdf"", 22, 0.3827], [""grain_storage_plan_sop_en.pdf"", 6, 0.3193], [""grain_storage_plan_sop_en.pdf"", 7, 0.3128], [""grain_storage_plan_sop_en.pdf"", 34, 0.3026], [""grain_storage_plan_sop_en.pdf"", 19, 0.3017]]",1.0,1.0,1.0,0.2,1.0,0.001,,0.001,,,,,,,,0,,,,,
ans-028-hi,ans-028,hi,answerable,,अनाज भंडारण परियोजना के लिए कृषि अवसंरचना कोष (AIF) के तहत PACS को कितनी ब्याज छूट (इंटरेस्ट सबवेंशन) मिलती है?,"[[""grain_storage_plan_sop_hi.pdf"", 6, 0.3738], [""grain_storage_plan_sop_hi.pdf"", 23, 0.2751], [""grain_storage_plan_sop_hi.pdf"", 6, 0.2673], [""grain_storage_plan_sop_hi.pdf"", 36, 0.2667], [""grain_storage_plan_sop_hi.pdf"", 7, 0.234]]",0.0,1.0,1.0,0.2,0.5,0.001,,0.001,,,,,,,,0,,,,,
ans-028-mr,ans-028,mr,answerable,,धान्य साठवण प्रकल्पासाठी कृषी पायाभूत सुविधा निधी (AIF) अंतर्गत PACS ला किती व्याज सवलत मिळते?,"[[""grain_storage_plan_sop_en.pdf"", 34, 0.2211], [""grain_storage_plan_sop_en.pdf"", 12, 0.2095], [""mh_fruit_crop_insurance_gr_2026_mr.pdf"", 11, 0.1954], [""grain_storage_plan_sop_hi.pdf"", 36, 0.1932], [""mh_fruit_crop_insurance_gr_2026_mr.pdf"", 11, 0.1903]]",0.0,0.0,0.0,0.0,0.0,0.002,,0.002,,,,,,,,0,,,,,
ans-028-hinglish,ans-028,hinglish,answerable,,Grain storage project ke liye AIF ke under PACS ko kitna interest subvention milta hai?,"[[""grain_storage_plan_sop_en.pdf"", 22, 0.3059], [""grain_storage_plan_sop_en.pdf"", 22, 0.2891], [""grain_storage_plan_sop_en.pdf"", 34, 0.2448], [""grain_storage_plan_sop_en.pdf"", 19, 0.2279], [""grain_storage_plan_sop_en.pdf"", 22, 0.223]]",1.0,1.0,1.0,0.6,1.0,0.001,,0.001,,,,,,,,0,,,,,
ans-029-en,ans-029,en,answerable,,"What subsidy can PACS now get under AMI for the grain storage plan, and what is the margin money requirement?","[[""grain_storage_plan_sop_en.pdf"", 38, 0.3633], [""grain_storage_plan_sop_en.pdf"", 35, 0.3238], [""grain_storage_plan_sop_en.pdf"", 22, 0.2945], [""grain_storage_plan_sop_en.pdf"", 23, 0.2784], [""grain_storage_plan_sop_en.pdf"", 6, 0.2646]]",0.0,0.0,0.0,0.0,0.0,0.001,,0.001,,,,,,,,0,,,,,
ans-029-hi,ans-029,hi,answerable,,अनाज भंडारण योजना में AMI के तहत PACS को अब कितनी सब्सिडी मिल सकती है और मार्जिन मनी की शर्त क्या है?,"[[""grain_storage_plan_sop_hi.pdf"", 30, 0.2657], [""grain_storage_plan_sop_hi.pdf"", 8, 0.2493], [""pmkisan_ekyc_note_hi.pdf"", 1, 0.221], [""grain_storage_plan_sop_hi.pdf"", 6, 0.2161], [""pmkmy_guidelines_en.pdf"", 16, 0.2132]]",1.0,1.0,1.0,0.2,1.0,0.001,,0.001,,,,,,,,0,,,,,
ans-029-mr,ans-029,mr,answerable,,धान्य साठवण योजनेत AMI अंतर्गत PACS ला आता किती अनुदान मिळू शकते आणि मार्जिन मनीची अट काय आहे?,"[[""grain_storage_plan_sop_hi.pdf"", 6, 0.1725], [""grain_storage_plan_sop_hi.pdf"", 6, 0.1681], [""mh_women_farmer_act_2026_mr.pdf"", 5, 0.165], [""mh_fruit_crop_insurance_gr_2026_mr.pdf"", 39, 0.1628], [""grain_storage_plan_sop_hi.pdf"", 8, 0.1606]]",0.0,0.0,0.0,0.0,0.0,0.001,,0.001,,,,,,,,0,,,,,
ans-029-hinglish,ans-029,hinglish,answerable,,Grain storage plan mein AMI ke under PACS ko ab kitni subsidy milti hai aur margin money kitna chahiye?,"[[""grain_storage_plan_sop_en.pdf"", 38, 0.3483], [""grain_storage_plan_sop_en.pdf"", 22, 0.2824], [""grain_storage_plan_sop_en.pdf"", 35, 0.2695], [""grain_storage_plan_sop_en.pdf"", 23, 0.2669], [""grain_storage_plan_sop_en.pdf"", 6, 0.2538]]",0.0,0.0,0.0,0.0,0.0,0.002,,0.002,,,,,,,,0,,,,,
ans-030-en,ans-030,en,answerable,,"Who can be recognised as a woman farmer under the Maharashtra Women Farmers Empowerment Act, 2026?","[[""mh_women_farmer_act_2026_en.pdf"", 1, 0.5772], [""mh_women_farmer_act_2026_en.pdf"", 3, 0.5565], [""mh_women_farmer_act_2026_en.pdf"", 6, 0.4794], [""mh_women_farmer_act_2026_en.pdf"", 9, 0.4009], [""mh_women_farmer_act_2026_en.pdf"", 8, 0.3724]]",0.0,1.0,1.0,0.2,0.5,0.001,,0.001,,,,,,,,0,,,,,
ans-030-hi,ans-030,hi,answerable,,"महाराष्ट्र महिला किसान सशक्तिकरण अधिनियम, 2026 के तहत किसे महिला किसान के रूप में मान्यता मिल सकती है?","[[""mh_women_farmer_act_2026_mr.pdf"", 1, 0.5304], [""mh_women_farmer_act_2026_mr.pdf"", 4, 0.4565], [""mh_women_farmer_act_2026_mr.pdf"", 2, 0.4401], [""mh_women_farmer_act_2026_mr.pdf"", 7, 0.3963], [""mh_women_farmer_act_2026_mr.pdf"", 7, 0.3894]]",0.0,1.0,1.0,0.2,0.5,0.001,,0.001,,,,,,,,0,,,,,
ans-030-mr,ans-030,mr,answerable,,"महाराष्ट्र महिला शेतकरी सक्षमीकरण अधिनियम, 2026 अंतर्गत कोणाला महिला शेतकरी म्हणून मान्यता मिळू शकते?","[[""mh_women_farmer_act_2026_mr.pdf"", 1, 0.589], [""mh_women_farmer_act_2026_mr.pdf"", 2, 0.5527], [""mh_women_farmer_act_2026_mr.pdf"", 4, 0.5481], [""mh_women_farmer_act_2026_mr.pdf"", 4, 0.5254], [""mh_women_farmer_act_2026_mr.pdf"", 7, 0.5226]]",0.0,1.0,1.0,0.4,0.3333333333333333,0.001,,0.001,,,,,,,,0,,,,,
ans-030-hinglish,ans-030,hinglish,answerable,,Maharashtra Women Farmers Empowerment Act 2026 mein kise woman farmer maana ja sakta hai?,"[[""mh_women_farmer_act_2026_en.pdf"", 1, 0.5692], [""mh_women_farmer_act_2026_en.pdf"", 3, 0.5271], [""mh_women_farmer_act_2026_en.pdf"", 6, 0.4727], [""mh_women_farmer_act_2026_en.pdf"", 9, 0.3954], [""mh_women_farmer_act_2026_en.pdf"", 8, 0.3672]]",0.0,1.0,1.0,0.2,0.5,0.001,,0.001,,,,,,,,0,,,,,
ans-031-en,ans-031,en,answerable,,Within how many days must the Designated Officer issue the Woman Farmer Certificate after the Gram Sabha passes a resolution recognising the applicant?,"[[""mh_women_farmer_act_2026_en.pdf"", 4, 0.7109], [""mh_women_farmer_act_2026_en.pdf"", 5, 0.5125], [""mh_women_farmer_act_2026_en.pdf"", 4, 0.4885], [""mh_women_farmer_act_2026_en.pdf"", 6, 0.3866], [""mh_women_farmer_act_2026_en.pdf"", 3, 0.3139]]",1.0,1.0,1.0,0.6,1.0,0.001,,0.001,,,,,,,,0,,,,,
ans-031-hi,ans-031,hi,answerable,,ग्राम सभा द्वारा आवेदक को मान्यता देने का प्रस्ताव पारित होने के बाद नामित अधिकारी को कितने दिनों में महिला किसान प्रमाणपत्र जारी करना होता है?,"[[""mh_women_farmer_act_2026_mr.pdf"", 4, 0.4055], [""mh_women_farmer_act_2026_mr.pdf"", 6, 0.3876], [""mh_women_farmer_act_2026_mr.pdf"", 10, 0.317], [""grain_storage_plan_sop_hi.pdf"", 12, 0.3066], [""mh_women_farmer_act_2026_mr.pdf"", 1, 0.299]]",1.0,1.0,1.0,0.2,1.0,0.002,,0.002,,,,,,,,0,,,,,
ans-031-mr,ans-031,mr,answerable,,ग्रामसभेने अर्जदाराला मान्यता देणारा ठराव मंजूर केल्यानंतर पदनिर्देशित अधिकाऱ्याने किती दिवसांत महिला शेतकरी प्रमाणपत्र द्यावे लागते?,"[[""mh_women_farmer_act_2026_mr.pdf"", 5, 0.5836], [""mh_women_farmer_act_2026_mr.pdf"", 4, 0.5701], [""mh_women_farmer_act_2026_mr.pdf"", 6, 0.4852], [""mh_women_farmer_act_2026_mr.pdf"", 4, 0.4035], [""mh_women_farmer_act_2026_mr.pdf"", 6, 0.3931]]",1.0,1.0,1.0,0.6,1.0,0.001,,0.001,,,,,,,,0,,,,,
ans-031-hinglish,ans-031,hinglish,answerable,,Gram Sabha ka resolution pass hone ke baad Designated Officer ko kitne din mein Woman Farmer Certificate dena hota hai?,"[[""mh_women_farmer_act_2026_en.pdf"", 4, 0.6385], [""mh_women_farmer_act_2026_en.pdf"", 4, 0.4193], [""mh_women_farmer_act_2026_en.pdf"", 5, 0.3994], [""mh_women_farmer_act_2026_en.pdf"", 6, 0.3634], [""mh_women_farmer_act_2026_en.pdf"", 3, 0.3078]]",1.0,1.0,1.0,0.6,1.0,0.001,,0.001,,,,,,,,0,,,,,
ans-032-en,ans-032,en,answerable,,Who chairs the Women Farmers Empowerment Council in Maharashtra?,"[[""mh_women_farmer_act_2026_en.pdf"", 1, 0.562], [""mh_women_farmer_act_2026_en.pdf"", 6, 0.4377], [""mh_women_farmer_act_2026_en.pdf"", 8, 0.3858], [""mh_women_farmer_act_2026_en.pdf"", 3, 0.3153], [""mh_women_farmer_act_2026_en.pdf"", 9, 0.2558]]",0.0,1.0,1.0,0.2,0.5,0.001,,0.001,,,,,,,,0,,,,,
ans-032-hi,ans-032,hi,answerable,,महाराष्ट्र में महिला किसान सशक्तिकरण परिषद की अध्यक्षता कौन करता है?,"[[""mh_women_farmer_act_2026_mr.pdf"", 7, 0.5279], [""mh_women_farmer_act_2026_mr.pdf"", 1, 0.4562], [""mh_women_farmer_act_2026_mr.pdf"", 4, 0.445], [""mh_women_farmer_act_2026_mr.pdf"", 2, 0.419], [""mh_women_farmer_act_2026_mr.pdf"", 8, 0.385]]",1.0,1.0,1.0,0.2,1.0,0.001,,0.001,,,,,,,,0,,,,,
ans-032-mr,ans-032,mr,answerable,,महाराष्ट्रातील महिला शेतकरी सक्षमीकरण परिषदेचे अध्यक्ष कोण असतात?,"[[""mh_women_farmer_act_2026_mr.pdf"", 7, 0.7271], [""mh_women_farmer_act_2026_mr.pdf"", 4, 0.6205], [""mh_women_farmer_act_2026_mr.pdf"", 1, 0.5696], [""mh_women_farmer_act_2026_mr.pdf"", 2, 0.5653], [""mh_women_farmer_act_2026_mr.pdf"", 8, 0.5001]]",1.0,1.0,1.0,0.2,1.0,0.001,,0.001,,,,,,,,0,,,,,
ans-032-hinglish,ans-032,hinglish,answerable,,Maharashtra mein Women Farmers Empowerment Council ka chairperson kaun hai?,"[[""mh_women_farmer_act_2026_en.pdf"", 1, 0.5422], [""mh_women_farmer_act_2026_en.pdf"", 6, 0.4356], [""mh_women_farmer_act_2026_en.pdf"", 8, 0.3877], [""mh_women_farmer_act_2026_en.pdf"", 3, 0.3042], [""mh_women_farmer_act_2026_en.pdf"", 9, 0.2468]]",0.0,1.0,1.0,0.2,0.5,0.001,,0.001,,,,,,,,0,,,,,
ans-033-en,ans-033,en,answerable,,Within what time can an applicant appeal if the Gram Sabha rejects her application for a Woman Farmer Certificate?,"[[""mh_women_farmer_act_2026_en.pdf"", 4, 0.6366], [""mh_women_farmer_act_2026_en.pdf"", 5, 0.4725], [""mh_women_farmer_act_2026_en.pdf"", 6, 0.4696], [""mh_women_farmer_act_2026_en.pdf"", 4, 0.4686], [""mh_women_farmer_act_2026_en.pdf"", 3, 0.2911]]",1.0,1.0,1.0,0.6,1.0,0.001,,0.001,,,,,,,,0,,,,,
ans-033-hi,ans-033,hi,answerable,,अगर ग्राम सभा महिला किसान प्रमाणपत्र का आवेदन खारिज कर दे तो आवेदक कितने समय के अंदर अपील कर सकती है?,"[[""mh_women_farmer_act_2026_mr.pdf"", 6, 0.2513], [""mh_women_farmer_act_2026_mr.pdf"", 6, 0.2163], [""mh_women_farmer_act_2026_mr.pdf"", 5, 0.2133], [""mh_women_farmer_act_2026_mr.pdf"", 7, 0.201], [""mscs_amendment_rules_2023.pdf"", 23, 0.1988]]",0.0,1.0,1.0,0.2,0.3333333333333333,0.001,,0.001,,,,,,,,0,,,,,
ans-033-mr,ans-033,mr,answerable,,ग्रामसभेने महिला शेतकरी प्रमाणपत्राचा अर्ज फेटाळल्यास अर्जदार महिला किती कालावधीत अपील करू शकते?,"[[""mh_women_farmer_act_2026_mr.pdf"", 4, 0.4669], [""mh_women_farmer_act_2026_mr.pdf"", 5, 0.3829], [""mh_women_farmer_act_2026_mr.pdf"", 6, 0.3821], [""mh_women_farmer_act_2026_mr.pdf"", 5, 0.3611], [""mh_women_farmer_act_2026_mr.pdf"", 4, 0.3571]]",1.0,1.0,1.0,0.8,1.0,0.001,,0.001,,,,,,,,0,,,,,
ans-033-hinglish,ans-033,hinglish,answerable,,Agar Gram Sabha woman farmer certificate ki application reject kar de to kitne time mein appeal kar sakte hain?,"[[""mh_women_farmer_act_2026_en.pdf"", 4, 0.5202], [""mh_women_farmer_act_2026_en.pdf"", 6, 0.4163], [""mh_women_farmer_act_2026_en.pdf"", 4, 0.3999], [""mh_women_farmer_act_2026_en.pdf"", 5, 0.3773], [""mh_women_farmer_act_2026_en.pdf"", 3, 0.2581]]",1.0,1.0,1.0,0.6,1.0,0.001,,0.001,,,,,,,,0,,,,,
ans-034-en,ans-034,en,answerable,,Up to what amount is loan waiver given under the Punyashlok Ahilyadevi Holkar Farmer Loan Waiver Scheme 2026?,"[[""ncdc_sugar_mills_scheme.pdf"", 2, 0.3178], [""mscs_act_2002_en.pdf"", 41, 0.243], [""mh_pmfby_gr_2026_mr.pdf"", 1, 0.2269], [""ncdc_sugar_mills_scheme.pdf"", 1, 0.2056], [""mh_pmfby_gr_2026_mr.pdf"", 6, 0.1853]]",0.0,0.0,0.0,0.0,0.0,0.002,,0.002,,,,,,,,0,,,,,
ans-034-hi,ans-034,hi,answerable,,पुण्यश्लोक अहिल्यादेवी होलकर किसान कर्ज माफी योजना 2026 के तहत अधिकतम कितनी राशि तक कर्ज माफ किया जाता है?,"[[""mh_farmer_loan_waiver_2026_mr.pdf"", 2, 0.3288], [""mh_pmfby_gr_2026_mr.pdf"", 6, 0.205], [""mh_pmfby_gr_2026_mr.pdf"", 1, 0.2006], [""mh_fruit_crop_insurance_gr_2026_mr.pdf"", 15, 0.1886], [""mh_women_farmer_act_2026_mr.pdf"", 4, 0.1685]]",0.0,0.0,0.0,0.0,0.0,0.001,,0.001,,,,,,,,0,,,,,
ans-034-mr,ans-034,mr,answerable,,पुण्यश्लोक अहिल्यादेवी होळकर शेतकरी कर्जमुक्ती योजना 2026 अंतर्गत जास्तीत जास्त किती रकमेपर्यंत कर्जमुक्ती दिली जाते?,"[[""mh_farmer_loan_waiver_2026_mr.pdf"", 2, 0.67], [""mh_fruit_crop_insurance_gr_2026_mr.pdf"", 32, 0.2777], [""mh_pkvy_gr_mr.pdf"", 3, 0.2485], [""mh_fruit_crop_insurance_gr_2026_mr.pdf"", 28, 0.2442], [""mh_fruit_crop_insurance_gr_2026_mr.pdf"", 15, 0.2174]]",0.0,0.0,0.0,0.0,0.0,0.001,,0.001,,,,,,,,0,,,,,
ans-034-hinglish,ans-034,hinglish,answerable,,Punyashlok Ahilyadevi Holkar loan waiver scheme 2026 mein kitne rupaye tak ka loan maaf hota hai?,"[[""ncdc_sugar_mills_scheme.pdf"", 2, 0.311], [""mscs_act_2002_en.pdf"", 41, 0.2378], [""mh_pmfby_gr_2026_mr.pdf"", 1, 0.222], [""ncdc_sugar_mills_scheme.pdf"", 1, 0.2011], [""mh_pmfby_gr_2026_mr.pdf"", 6, 0.1813]]",0.0,0.0,0.0,0.0,0.0,0.002,,0.002,,,,,,,,0,,,,,
ans-035-en,ans-035,en,answerable,,What benefit do farmers who repay their crop loans regularly get under the 2026 loan waiver scheme?,"[[""pmkmy_faqs_en.pdf"", 3, 0.2093], [""pmkisan_guidelines_en.pdf"", 2, 0.1969], [""pmkisan_ekyc_note_en.pdf"", 1, 0.1903], [""mh_pmfby_gr_2026_mr.pdf"", 1, 0.1873], [""mh_pmfby_gr_2026_mr.pdf"", 6, 0.153]]",0.0,0.0,0.0,0.0,0.0,0.001,,0.001,,,,,,,,0,,,,,
ans-035-hi,ans-035,hi,answerable,,2026 की कर्ज माफी योजना में नियमित रूप से फसल ऋण चुकाने वाले किसानों को क्या लाभ मिलता है?,"[[""mh_pmfby_gr_2026_mr.pdf"", 1, 0.2607], [""mh_pmfby_gr_2026_mr.pdf"", 6, 0.2561], [""mh_pmfby_gr_2026_mr.pdf"", 1, 0.2234], [""grain_storage_plan_sop_hi.pdf"", 23, 0.1781], [""grain_storage_plan_sop_hi.pdf"", 43, 0.1766]]",0.0,0.0,0.0,0.0,0.0,0.001,,0.001,,,,,,,,0,,,,,
ans-035-mr,ans-035,mr,answerable,,2026 च्या कर्जमुक्ती योजनेत पीक कर्जाची नियमित परतफेड करणाऱ्या शेतकऱ्यांना कोणता लाभ मिळतो?,"[[""mh_women_farmer_act_2026_mr.pdf"", 9, 0.3265], [""mh_women_farmer_act_2026_mr.pdf"", 11, 0.3225], [""mh_women_farmer_act_2026_mr.pdf"", 7, 0.3148], [""mh_women_farmer_act_2026_mr.pdf"", 7, 0.3105], [""mh_women_farmer_act_2026_mr.pdf"", 10, 0.301]]",0.0,0.0,0.0,0.0,0.0,0.001,,0.001,,,,,,,,0,,,,,
ans-035-hinglish,ans-035,hinglish,answerable,,2026 loan waiver scheme mein jo farmers crop loan time par chukate hain unhe kya benefit milta hai?,"[[""ncdc_sugar_mills_scheme.pdf"", 2, 0.2508], [""pmkmy_faqs_en.pdf"", 3, 0.2001], [""mscs_act_2002_en.pdf"", 41, 0.1918], [""pmkisan_guidelines_en.pdf"", 2, 0.1882], [""pmkisan_ekyc_note_en.pdf"", 1, 0.1819]]",0.0,0.0,0.0,0.0,0.0,0.002,,0.002,,,,,,,,0,,,,,
ans-036-en,ans-036,en,answerable,,Which crop loans are covered by the loan waiver under the 2026 scheme?,"[[""mh_pmfby_gr_2026_mr.pdf"", 1, 0.2316], [""mh_pmfby_gr_2026_mr.pdf"", 6, 0.1891], [""ncdc_sugar_mills_scheme.pdf"", 2, 0.178], [""mh_fruit_crop_insurance_gr_2026_mr.pdf"", 1, 0.1621], [""ncdc_sugar_mills_scheme.pdf"", 1, 0.1614]]",0.0,0.0,0.0,0.0,0.0,0.001,,0.001,,,,,,,,0,,,,,
ans-036-hi,ans-036,hi,answerable,,2026 की योजना में कौन से फसल ऋण कर्ज माफी के दायरे में आते हैं?,"[[""mh_fruit_crop_insurance_gr_2026_mr.pdf"", 88, 0.3004], [""mh_fruit_crop_insurance_gr_2026_mr.pdf"", 88, 0.3], [""mh_fruit_crop_insurance_gr_2026_mr.pdf"", 88, 0.2976], [""mh_pmfby_gr_2026_mr.pdf"", 1, 0.2749], [""mh_fruit_crop_insurance_gr_2026_mr.pdf"", 88, 0.2724]]",0.0,0.0,0.0,0.0,0.0,0.002,,0.002,,,,,,,,0,,,,,
ans-036-mr,ans-036,mr,answerable,,2026 च्या योजनेत कोणती पीक कर्जे कर्जमुक्तीसाठी पात्र आहेत?,"[[""mh_pmfby_gr_2026_mr.pdf"", 6, 0.366], [""mh_women_farmer_act_2026_mr.pdf"", 2, 0.3441], [""mh_pmfby_gr_2026_mr.pdf"", 1, 0.3335], [""mh_pmfby_gr_2026_mr.pdf"", 1, 0.3293], [""mh_women_farmer_act_2026_mr.pdf"", 7, 0.3068]]",0.0,0.0,0.0,0.0,0.0,0.001,,0.001,,,,,,,,0,,,,,
ans-036-hinglish,ans-036,hinglish,answerable,,2026 scheme mein kaun se crop loans loan waiver ke under aate hain?,"[[""mh_pmfby_gr_2026_mr.pdf"", 1, 0.1988], [""mh_pmfby_gr_2026_mr.pdf"", 6, 0.1624], [""ncdc_sugar_mills_scheme.pdf"", 2, 0.1528], [""mh_fruit_crop_insurance_gr_2026_mr.pdf"", 1, 0.1392], [""ncdc_sugar_mills_scheme.pdf"", 1, 0.1386]]",0.0,0.0,0.0,0.0,0.0,0.001,,0.001,,,,,,,,0,,,,,
ans-037-en,ans-037,en,answerable,,In what ratio do the Centre and the State share the cost of the Paramparagat Krishi Vikas Yojana in Maharashtra?,"[[""mscs_act_2002_en.pdf"", 32, 0.1315], [""mscs_act_2002_en.pdf"", 39, 0.1108], [""mscs_act_2002_en.pdf"", 2, 0.1096], [""mscs_act_2002_en.pdf"", 41, 0.0938], [""pmkmy_guidelines_en.pdf"", 3, 0.091]]",0.0,0.0,0.0,0.0,0.0,0.001,,0.001,,,,,,,,0,,,,,
ans-037-hi,ans-037,hi,answerable,,महाराष्ट्र में परंपरागत कृषि विकास योजना का खर्च केंद्र और राज्य किस अनुपात में बांटते हैं?,"[[""mh_fruit_crop_insurance_gr_2026_mr.pdf"", 87, 0.2534], [""mh_fruit_crop_insurance_gr_2026_mr.pdf"", 87, 0.2531], [""mh_fruit_crop_insurance_gr_2026_mr.pdf"", 56, 0.246], [""mh_fruit_crop_insurance_gr_2026_mr.pdf"", 55, 0.2452], [""mh_fruit_crop_insurance_gr_2026_mr.pdf"", 55, 0.2386]]",0.0,0.0,0.0,0.0,0.0,0.001,,0.001,,,,,,,,0,,,,,
ans-037-mr,ans-037,mr,answerable,,महाराष्ट्रात परंपरागत कृषी विकास योजनेचा खर्च केंद्र व राज्य कोणत्या प्रमाणात वाटून घेतात?,"[[""mh_women_farmer_act_2026_mr.pdf"", 7, 0.3278], [""mh_women_farmer_act_2026_mr.pdf"", 11, 0.315], [""mh_women_farmer_act_2026_mr.pdf"", 4, 0.3017], [""mh_fruit_crop_insurance_gr_2026_mr.pdf"", 87, 0.2985], [""mh_fruit_crop_insurance_gr_2026_mr.pdf"", 87, 0.2981]]",0.0,0.0,0.0,0.0,0.0,0.002,,0.002,,,,,,,,0,,,,,
ans-037-hinglish,ans-037,hinglish,answerable,,Maharashtra mein PKVY ka kharcha Centre aur State kis ratio mein share karte hain?,"[[""mh_pkvy_gr_mr.pdf"", 1, 0.1471], [""mscs_act_2002_en.pdf"", 32, 0.1329], [""mscs_act_2002_en.pdf"", 39, 0.1119], [""mscs_act_2002_en.pdf"", 2, 0.1107], [""mscs_act_2002_en.pdf"", 41, 0.0948]]",1.0,1.0,1.0,0.2,1.0,0.001,,0.001,,,,,,,,0,,,,,
ans-038-en,ans-038,en,answerable,,"What cluster size is used under PKVY in Maharashtra, and for how many years does a selected cluster get the benefit?","[[""grain_storage_plan_sop_en.pdf"", 46, 0.119], [""mh_pkvy_gr_mr.pdf"", 1, 0.1033], [""pmkmy_faqs_en.pdf"", 3, 0.0924], [""pmkisan_guidelines_en.pdf"", 8, 0.0844], [""pmkisan_guidelines_en.pdf"", 2, 0.0739]]",0.0,1.0,1.0,0.2,0.5,0.001,,0.001,,,,,,,,0,,,,,
ans-038-hi,ans-038,hi,answerable,,महाराष्ट्र में परंपरागत कृषि विकास योजना के तहत एक क्लस्टर कितने क्षेत्र का होता है और चुने गए क्लस्टर को कितने साल तक लाभ मिलता है?,"[[""ncp_2025_hi.pdf"", 20, 0.1862], [""mh_farmer_loan_waiver_2026_mr.pdf"", 4, 0.1748], [""mh_fruit_crop_insurance_gr_2026_mr.pdf"", 56, 0.1657], [""mh_fruit_crop_insurance_gr_2026_mr.pdf"", 106, 0.1649], [""mscs_amendment_rules_2023.pdf"", 3, 0.1628]]",0.0,0.0,0.0,0.0,0.0,0.001,,0.001,,,,,,,,0,,,,,
ans-038-mr,ans-038,mr,answerable,,महाराष्ट्रात परंपरागत कृषी विकास योजनेअंतर्गत एक गट किती क्षेत्राचा असतो आणि निवडलेल्या गटाला किती वर्षे लाभ मिळतो?,"[[""mh_agri_citizen_charter_schemes_2026_mr.pdf"", 22, 0.2425], [""mh_women_farmer_act_2026_mr.pdf"", 10, 0.2416], [""mh_agri_citizen_charter_schemes_2026_mr.pdf"", 20, 0.2149], [""mh_fruit_crop_insurance_gr_2026_mr.pdf"", 11, 0.2106], [""mh_women_farmer_act_2026_mr.pdf"", 10, 0.2071]]",0.0,0.0,0.0,0.0,0.0,0.001,,0.001,,,,,,,,0,,,,,
ans-038-hinglish,ans-038,hinglish,answerable,,Maharashtra mein PKVY ka ek cluster kitne hectare ka hota hai aur kitne saal benefit milta hai?,"[[""pmkmy_faqs_en.pdf"", 3, 0.2159], [""mh_pkvy_gr_mr.pdf"", 1, 0.1163], [""pmkmy_faqs_en.pdf"", 3, 0.104], [""pmkmy_faqs_en.pdf"", 1, 0.0964], [""mh_agri_citizen_charter_schemes_2026_mr.pdf"", 8, 0.074]]",0.0,1.0,1.0,0.2,0.5,0.001,,0.001,,,,,,,,0,,,,,
ans-039-en,ans-039,en,answerable,,What annual action plan amount was approved for PKVY in Maharashtra for 2026-27?,"[[""mh_pmfby_gr_2026_mr.pdf"", 6, 0.2274], [""mh_pkvy_gr_mr.pdf"", 1, 0.2232], [""mh_pmfby_gr_2026_mr.pdf"", 1, 0.2008], [""mh_fruit_crop_insurance_gr_2026_mr.pdf"", 1, 0.1949], [""mscs_act_2002_en.pdf"", 27, 0.1863]]",0.0,1.0,1.0,0.2,0.5,0.001,,0.001,,,,,,,,0,,,,,
ans-039-hi,ans-039,hi,answerable,,2026-27 के लिए महाराष्ट्र में परंपरागत कृषि विकास योजना की कितनी राशि की वार्षिक कार्य योजना मंजूर हुई?,"[[""mh_pmfby_gr_2026_mr.pdf"", 6, 0.3383], [""mh_pkvy_gr_mr.pdf"", 1, 0.3295], [""mh_pkvy_gr_mr.pdf"", 2, 0.3036], [""mh_pmfby_gr_2026_mr.pdf"", 1, 0.2977], [""mh_pmfby_gr_2026_mr.pdf"", 1, 0.2809]]",0.0,1.0,1.0,0.2,0.5,0.001,,0.001,,,,,,,,0,,,,,
ans-039-mr,ans-039,mr,answerable,,2026-27 साठी महाराष्ट्रात परंपरागत कृषी विकास योजनेच्या किती रकमेच्या वार्षिक कृती आराखड्याला मान्यता देण्यात आली?,"[[""mh_pkvy_gr_mr.pdf"", 1, 0.3618], [""mh_pkvy_gr_mr.pdf"", 2, 0.3371], [""mh_pkvy_gr_mr.pdf"", 1, 0.3007], [""mh_pkvy_gr_mr.pdf"", 2, 0.2993], [""mh_pmfby_gr_2026_mr.pdf"", 6, 0.2665]]",1.0,1.0,1.0,0.4,1.0,0.001,,0.001,,,,,,,,0,,,,,
ans-039-hinglish,ans-039,hinglish,answerable,,2026-27 ke liye Maharashtra mein PKVY ka kitne ka annual action plan approve hua?,"[[""mh_pmfby_gr_2026_mr.pdf"", 6, 0.154], [""mh_pkvy_gr_mr.pdf"", 1, 0.1512], [""mh_pmfby_gr_2026_mr.pdf"", 1, 0.136], [""mh_fruit_crop_insurance_gr_2026_mr.pdf"", 1, 0.132], [""mscs_act_2002_en.pdf"", 27, 0.1262]]",0.0,1.0,1.0,0.2,0.5,0.001,,0.001,,,,,,,,0,,,,,
ans-040-en,ans-040,en,answerable,,What premium do farmers pay under the revised PM crop insurance scheme in Maharashtra for Kharif 2026 and Rabi 2026-27?,"[[""mh_pmfby_gr_2026_mr.pdf"", 1, 0.3305], [""mh_pmfby_gr_2026_mr.pdf"", 6, 0.3221], [""mh_fruit_crop_insurance_gr_2026_mr.pdf"", 1, 0.276], [""mh_pmfby_gr_2026_mr.pdf"", 1, 0.2233], [""mh_women_farmer_act_2026_en.pdf"", 1, 0.2101]]",1.0,1.0,1.0,0.4,1.0,0.001,,0.001,,,,,,,,0,,,,,
ans-040-hi,ans-040,hi,answerable,,महाराष्ट्र में संशोधित प्रधानमंत्री फसल बीमा योजना के तहत खरीफ 2026 और रबी 2026-27 के लिए किसानों को कितना प्रीमियम देना होता है?,"[[""mh_pmfby_gr_2026_mr.pdf"", 1, 0.425], [""mh_pmfby_gr_2026_mr.pdf"", 6, 0.3879], [""mh_pmfby_gr_2026_mr.pdf"", 1, 0.3531], [""mh_fruit_crop_insurance_gr_2026_mr.pdf"", 1, 0.2887], [""mh_fruit_crop_insurance_gr_2026_mr.pdf"", 8, 0.2661]]",1.0,1.0,1.0,0.4,1.0,0.001,,0.001,,,,,,,,0,,,,,
ans-040-mr,ans-040,mr,answerable,,महाराष्ट्रात सुधारित प्रधानमंत्री पीक विमा योजनेअंतर्गत खरीप 2026 आणि रब्बी 2026-27 साठी शेतकऱ्यांना किती विमा हप्ता भरावा लागतो?,"[[""mh_pmfby_gr_2026_mr.pdf"", 1, 0.3966], [""mh_pmfby_gr_2026_mr.pdf"", 6, 0.3745], [""mh_pmfby_gr_2026_mr.pdf"", 1, 0.3408], [""mh_fruit_crop_insurance_gr_2026_mr.pdf"", 2, 0.2994], [""mh_fruit_crop_insurance_gr_2026_mr.pdf"", 1, 0.2833]]",1.0,1.0,1.0,0.4,1.0,0.001,,0.001,,,,,,,,0,,,,,
ans-040-hinglish,ans-040,hinglish,answerable,,Maharashtra ki revised PM crop insurance scheme mein Kharif 2026 aur Rabi 2026-27 ke liye farmer ko kitna premium dena hai?,"[[""mh_pmfby_gr_2026_mr.pdf"", 1, 0.2958], [""mh_pmfby_gr_2026_mr.pdf"", 6, 0.2882], [""mh_fruit_crop_insurance_gr_2026_mr.pdf"", 1, 0.247], [""mh_pmfby_gr_2026_mr.pdf"", 1, 0.1999], [""mh_fruit_crop_insurance_gr_2026_mr.pdf"", 8, 0.1806]]",1.0,1.0,1.0,0.4,1.0,0.002,,0.002,,,,,,,,0,,,,,
ans-041-en,ans-041,en,answerable,,What risk level (indemnity level) is fixed for all notified crops under the revised PMFBY in Maharashtra for 2026-27?,"[[""grain_storage_plan_sop_en.pdf"", 28, 0.23], [""mh_pmfby_gr_2026_mr.pdf"", 6, 0.1593], [""pmkisan_guidelines_en.pdf"", 7, 0.1519], [""mh_pmfby_gr_2026_mr.pdf"", 1, 0.1426], [""mh_pmfby_gr_2026_mr.pdf"", 1, 0.1407]]",0.0,0.0,0.0,0.0,0.0,0.001,,0.001,,,,,,,,0,,,,,
ans-041-hi,ans-041,hi,answerable,,महाराष्ट्र में 2026-27 के लिए संशोधित प्रधानमंत्री फसल बीमा योजना में सभी अधिसूचित फसलों के लिए जोखिम स्तर कितना तय किया गया है?,"[[""mh_pmfby_gr_2026_mr.pdf"", 1, 0.2913], [""mh_pmfby_gr_2026_mr.pdf"", 6, 0.2297], [""mh_fruit_crop_insurance_gr_2026_mr.pdf"", 1, 0.1994], [""mh_fruit_crop_insurance_gr_2026_mr.pdf"", 2, 0.1885], [""grain_storage_plan_sop_hi.pdf"", 36, 0.1809]]",0.0,0.0,0.0,0.0,0.0,0.002,,0.002,,,,,,,,0,,,,,
ans-041-mr,ans-041,mr,answerable,,महाराष्ट्रात 2026-27 साठी सुधारित प्रधानमंत्री पीक विमा योजनेत सर्व अधिसूचित पिकांसाठी जोखीमस्तर किती निश्चित करण्यात आला आहे?,"[[""mh_pmfby_gr_2026_mr.pdf"", 1, 0.4514], [""mh_pmfby_gr_2026_mr.pdf"", 45, 0.416], [""mh_pmfby_gr_2026_mr.pdf"", 6, 0.3277], [""mh_fruit_crop_insurance_gr_2026_mr.pdf"", 2, 0.3023], [""mh_women_farmer_act_2026_mr.pdf"", 1, 0.3007]]",0.0,0.0,0.0,0.0,0.0,0.001,,0.001,,,,,,,,0,,,,,
ans-041-hinglish,ans-041,hinglish,answerable,,Maharashtra ki revised PMFBY 2026-27 mein sab notified crops ke liye risk level kitna fix kiya gaya hai?,"[[""mh_pmfby_gr_2026_mr.pdf"", 6, 0.1584], [""mh_pmfby_gr_2026_mr.pdf"", 1, 0.1418], [""mh_pmfby_gr_2026_mr.pdf"", 1, 0.1399], [""mh_fruit_crop_insurance_gr_2026_mr.pdf"", 1, 0.1358], [""grain_storage_plan_sop_en.pdf"", 28, 0.1143]]",0.0,0.0,0.0,0.0,0.0,0.001,,0.001,,,,,,,,0,,,,,
ans-042-en,ans-042,en,answerable,,What is mandatory for a farmer to join the revised PM crop insurance scheme in Maharashtra?,"[[""pmkmy_guidelines_en.pdf"", 2, 0.1616], [""pmkmy_faqs_en.pdf"", 4, 0.1604], [""mh_women_farmer_act_2026_en.pdf"", 6, 0.141], [""pmkmy_faqs_en.pdf"", 3, 0.129], [""pmkmy_guidelines_en.pdf"", 4, 0.1234]]",0.0,0.0,0.0,0.0,0.0,0.001,,0.001,,,,,,,,0,,,,,
ans-042-hi,ans-042,hi,answerable,,महाराष्ट्र में संशोधित प्रधानमंत्री फसल बीमा योजना में शामिल होने के लिए किसान के पास क्या होना अनिवार्य है?,"[[""mh_pmfby_gr_2026_mr.pdf"", 45, 0.327], [""mh_pmfby_gr_2026_mr.pdf"", 1, 0.3235], [""mh_pmfby_gr_2026_mr.pdf"", 46, 0.2886], [""mh_pmfby_gr_2026_mr.pdf"", 27, 0.2711], [""mh_pmfby_gr_2026_mr.pdf"", 20, 0.2514]]",0.0,1.0,1.0,0.2,0.5,0.001,,0.001,,,,,,,,0,,,,,
ans-042-mr,ans-042,mr,answerable,,महाराष्ट्रात सुधारित प्रधानमंत्री पीक विमा योजनेत सहभागी होण्यासाठी शेतकऱ्याकडे काय असणे अनिवार्य आहे?,"[[""mh_women_farmer_act_2026_mr.pdf"", 10, 0.3665], [""mh_women_farmer_act_2026_mr.pdf"", 7, 0.3471], [""mh_women_farmer_act_2026_mr.pdf"", 1, 0.3236], [""mh_pmfby_gr_2026_mr.pdf"", 27, 0.318], [""mh_pmfby_gr_2026_mr.pdf"", 45, 0.3143]]",0.0,0.0,0.0,0.0,0.0,0.001,,0.001,,,,,,,,0,,,,,
ans-042-hinglish,ans-042,hinglish,answerable,,Maharashtra ki revised crop insurance scheme join karne ke liye farmer ke paas kya hona zaroori hai?,"[[""mh_women_farmer_act_2026_en.pdf"", 6, 0.1072], [""pmkmy_faqs_en.pdf"", 3, 0.0981], [""pmkmy_guidelines_en.pdf"", 2, 0.0936], [""mscs_act_2002_en.pdf"", 55, 0.0857], [""pmkmy_faqs_en.pdf"", 1, 0.0755]]",0.0,0.0,0.0,0.0,0.0,0.001,,0.001,,,,,,,,0,,,,,
ans-043-en,ans-043,en,answerable,,How many fruit crops and districts are covered by the restructured weather-based fruit crop insurance scheme 2026-27 in Mrig bahar and Ambia bahar?,"[[""mh_pmfby_gr_2026_mr.pdf"", 6, 0.2098], [""grain_storage_plan_sop_en.pdf"", 43, 0.1904], [""mh_pmfby_gr_2026_mr.pdf"", 1, 0.1852], [""mh_fruit_crop_insurance_gr_2026_mr.pdf"", 1, 0.1798], [""grain_storage_plan_sop_en.pdf"", 43, 0.1751]]",0.0,0.0,1.0,0.2,0.25,0.001,,0.001,,,,,,,,0,,,,,
ans-043-hi,ans-043,hi,answerable,,पुनर्गठित मौसम आधारित फल फसल बीमा योजना 2026-27 में मृग बहार और आंबिया बहार में कितनी फल फसलें और कितने जिले शामिल हैं?,"[[""mh_fruit_crop_insurance_gr_2026_mr.pdf"", 8, 0.2399], [""mh_agri_citizen_charter_schemes_2026_mr.pdf"", 17, 0.2195], [""mh_fruit_crop_insurance_gr_2026_mr.pdf"", 93, 0.1938], [""grain_storage_plan_sop_hi.pdf"", 39, 0.1796], [""mh_agri_citizen_charter_schemes_2026_mr.pdf"", 17, 0.173]]",0.0,0.0,0.0,0.0,0.0,0.002,,0.002,,,,,,,,0,,,,,
ans-043-mr,ans-043,mr,answerable,,पुनर्रचित हवामान आधारित फळपीक विमा योजना 2026-27 मध्ये मृग बहार व आंबिया बहारमध्ये किती फळपिके आणि किती जिल्हे समाविष्ट आहेत?,"[[""mh_fruit_crop_insurance_gr_2026_mr.pdf"", 8, 0.3508], [""mh_fruit_crop_insurance_gr_2026_mr.pdf"", 93, 0.2833], [""mh_pmfby_gr_2026_mr.pdf"", 6, 0.2804], [""mh_fruit_crop_insurance_gr_2026_mr.pdf"", 38, 0.2768], [""mh_fruit_crop_insurance_gr_2026_mr.pdf"", 39, 0.2639]]",0.0,0.0,0.0,0.0,0.0,0.001,,0.001,,,,,,,,0,,,,,
ans-043-hinglish,ans-043,hinglish,answerable,,Fruit crop insurance scheme 2026-27 mein Mrig bahar aur Ambia bahar mein kitni fruit crops aur kitne districts cover hain?,"[[""mh_pmfby_gr_2026_mr.pdf"", 6, 0.2217], [""grain_storage_plan_sop_en.pdf"", 43, 0.2012], [""mh_pmfby_gr_2026_mr.pdf"", 1, 0.1958], [""mh_fruit_crop_insurance_gr_2026_mr.pdf"", 1, 0.19], [""grain_storage_plan_sop_en.pdf"", 43, 0.1851]]",0.0,0.0,1.0,0.2,0.25,0.001,,0.001,,,,,,,,0,,,,,
ans-044-en,ans-044,en,answerable,,How is the premium above the central subsidy shared in the Maharashtra fruit crop insurance scheme 2026-27?,"[[""mh_pmfby_gr_2026_mr.pdf"", 6, 0.2324], [""mh_pmfby_gr_2026_mr.pdf"", 1, 0.2053], [""mh_fruit_crop_insurance_gr_2026_mr.pdf"", 1, 0.1992], [""mh_pmfby_gr_2026_mr.pdf"", 1, 0.1612], [""mh_fruit_crop_insurance_gr_2026_mr.pdf"", 8, 0.1603]]",0.0,0.0,0.0,0.0,0.0,0.001,,0.001,,,,,,,,0,,,,,
ans-044-hi,ans-044,hi,answerable,,महाराष्ट्र फल फसल बीमा योजना 2026-27 में केंद्र की सब्सिडी से ऊपर का प्रीमियम कैसे बांटा जाता है?,"[[""mh_pmfby_gr_2026_mr.pdf"", 6, 0.2536], [""mh_pmfby_gr_2026_mr.pdf"", 1, 0.2182], [""mh_pmfby_gr_2026_mr.pdf"", 1, 0.2167], [""mh_fruit_crop_insurance_gr_2026_mr.pdf"", 1, 0.2017], [""mh_agri_citizen_charter_schemes_2026_mr.pdf"", 17, 0.1904]]",0.0,0.0,0.0,0.0,0.0,0.001,,0.001,,,,,,,,0,,,,,
ans-044-mr,ans-044,mr,answerable,,महाराष्ट्र फळपीक विमा योजना 2026-27 मध्ये केंद्राच्या अनुदानापेक्षा जास्त असलेला विमा हप्ता कसा विभागला जातो?,"[[""mh_pmfby_gr_2026_mr.pdf"", 6, 0.3553], [""grain_storage_plan_sop_hi.pdf"", 20, 0.3454], [""mh_pmfby_gr_2026_mr.pdf"", 1, 0.2647], [""mh_pmfby_gr_2026_mr.pdf"", 1, 0.2615], [""mh_fruit_crop_insurance_gr_2026_mr.pdf"", 1, 0.2463]]",0.0,0.0,0.0,0.0,0.0,0.002,,0.002,,,,,,,,0,,,,,
ans-044-hinglish,ans-044,hinglish,answerable,,Maharashtra fruit crop insurance 2026-27 mein central subsidy se upar wala premium kaise share hota hai?,"[[""mh_pmfby_gr_2026_mr.pdf"", 6, 0.2225], [""mh_pmfby_gr_2026_mr.pdf"", 1, 0.1965], [""mh_fruit_crop_insurance_gr_2026_mr.pdf"", 1, 0.1907], [""mh_pmfby_gr_2026_mr.pdf"", 1, 0.1543], [""mh_fruit_crop_insurance_gr_2026_mr.pdf"", 8, 0.1534]]",0.0,0.0,0.0,0.0,0.0,0.001,,0.001,,,,,,,,0,,,,,
ans-045-en,ans-045,en,answerable,,What is the maximum area per farmer that can be insured under the fruit crop insurance scheme 2026-27?,"[[""mscs_act_2002_en.pdf"", 18, 0.2842], [""mscs_act_2002_en.pdf"", 55, 0.2748], [""mh_pmfby_gr_2026_mr.pdf"", 6, 0.2162], [""mh_pmfby_gr_2026_mr.pdf"", 1, 0.1909], [""mh_fruit_crop_insurance_gr_2026_mr.pdf"", 1, 0.1853]]",0.0,0.0,0.0,0.0,0.0,0.001,,0.001,,,,,,,,0,,,,,
ans-045-hi,ans-045,hi,answerable,,फल फसल बीमा योजना 2026-27 में एक किसान अधिकतम कितने क्षेत्र का बीमा करा सकता है?,"[[""mh_pmfby_gr_2026_mr.pdf"", 6, 0.2884], [""mh_pmfby_gr_2026_mr.pdf"", 1, 0.22], [""mh_pmfby_gr_2026_mr.pdf"", 1, 0.2064], [""mh_agri_citizen_charter_schemes_2026_mr.pdf"", 17, 0.2016], [""mh_fruit_crop_insurance_gr_2026_mr.pdf"", 1, 0.1921]]",0.0,0.0,0.0,0.0,0.0,0.001,,0.001,,,,,,,,0,,,,,
ans-045-mr,ans-045,mr,answerable,,फळपीक विमा योजना 2026-27 मध्ये एका शेतकऱ्याला जास्तीत जास्त किती क्षेत्राचा विमा उतरवता येतो?,"[[""mh_pmfby_gr_2026_mr.pdf"", 6, 0.4564], [""mh_pmfby_gr_2026_mr.pdf"", 1, 0.3344], [""mh_pmfby_gr_2026_mr.pdf"", 1, 0.3138], [""mh_women_farmer_act_2026_mr.pdf"", 10, 0.3052], [""mh_women_farmer_act_2026_mr.pdf"", 7, 0.299]]",0.0,0.0,0.0,0.0,0.0,0.002,,0.002,,,,,,,,0,,,,,
ans-045-hinglish,ans-045,hinglish,answerable,,Fruit crop insurance 2026-27 mein ek farmer maximum kitne area ka insurance kara sakta hai?,"[[""mscs_act_2002_en.pdf"", 55, 0.2177], [""mh_pmfby_gr_2026_mr.pdf"", 6, 0.1933], [""mscs_act_2002_en.pdf"", 18, 0.1761], [""mh_pmfby_gr_2026_mr.pdf"", 1, 0.1707], [""mh_fruit_crop_insurance_gr_2026_mr.pdf"", 1, 0.1657]]",0.0,0.0,0.0,0.0,0.0,0.002,,0.002,,,,,,,,0,,,,,
ans-046-en,ans-046,en,answerable,,"What documents are needed to apply under the National Food Security Mission (rice, wheat, pulses, coarse cereals) in Maharashtra?","[[""mscs_act_2002_en.pdf"", 41, 0.1465], [""grain_storage_plan_sop_en.pdf"", 36, 0.1346], [""ncp_2025_en.pdf"", 7, 0.129], [""ncp_2025_en.pdf"", 14, 0.1032], [""grain_storage_plan_sop_en.pdf"", 36, 0.0945]]",0.0,0.0,0.0,0.0,0.0,0.002,,0.002,,,,,,,,0,,,,,
ans-046-hi,ans-046,hi,answerable,,"महाराष्ट्र में राष्ट्रीय खाद्य सुरक्षा मिशन (धान, गेहूं, दालें, मोटे अनाज) के तहत आवेदन करने के लिए कौन से दस्तावेज चाहिए?","[[""grain_storage_plan_sop_hi.pdf"", 23, 0.3041], [""grain_storage_plan_sop_hi.pdf"", 12, 0.2747], [""grain_storage_plan_sop_hi.pdf"", 21, 0.2487], [""ncp_2025_hi.pdf"", 14, 0.233], [""ncp_2025_hi.pdf"", 7, 0.2296]]",0.0,0.0,0.0,0.0,0.0,0.001,,0.001,,,,,,,,0,,,,,
ans-046-mr,ans-046,mr,answerable,,"महाराष्ट्रात राष्ट्रीय अन्न सुरक्षा अभियान (भात, गहू, कडधान्ये, भरडधान्ये) अंतर्गत अर्ज करण्यासाठी कोणती कागदपत्रे लागतात?","[[""mh_women_farmer_act_2026_mr.pdf"", 3, 0.2408], [""mh_women_farmer_act_2026_mr.pdf"", 11, 0.2305], [""mh_women_farmer_act_2026_mr.pdf"", 2, 0.2297], [""mh_women_farmer_act_2026_mr.pdf"", 2, 0.2227], [""mh_women_farmer_act_2026_mr.pdf"", 7, 0.2199]]",0.0,0.0,0.0,0.0,0.0,0.001,,0.001,,,,,,,,0,,,,,
ans-046-hinglish,ans-046,hinglish,answerable,,"Maharashtra mein National Food Security Mission (rice, wheat, pulses, coarse cereals) ke liye apply karne ko kaunse documents chahiye?","[[""mscs_act_2002_en.pdf"", 41, 0.1465], [""grain_storage_plan_sop_en.pdf"", 36, 0.1346], [""ncp_2025_en.pdf"", 7, 0.129], [""ncp_2025_en.pdf"", 14, 0.1032], [""grain_storage_plan_sop_en.pdf"", 36, 0.0945]]",0.0,0.0,0.0,0.0,0.0,0.001,,0.001,,,,,,,,0,,,,,
ans-047-en,ans-047,en,answerable,,What is the maximum subsidy for a tractor under Maharashtra's state farm mechanisation scheme?,"[[""grain_storage_plan_sop_en.pdf"", 35, 0.2419], [""grain_storage_plan_sop_en.pdf"", 22, 0.2213], [""mscs_act_2002_en.pdf"", 25, 0.1642], [""mscs_act_2002_en.pdf"", 63, 0.164], [""grain_storage_plan_sop_en.pdf"", 34, 0.1614]]",0.0,0.0,0.0,0.0,0.0,0.002,,0.002,,,,,,,,0,,,,,
ans-047-hi,ans-047,hi,answerable,,महाराष्ट्र की राज्य कृषि यंत्रीकरण योजना में ट्रैक्टर पर अधिकतम कितनी सब्सिडी मिलती है?,"[[""mh_women_farmer_act_2026_mr.pdf"", 9, 0.273], [""mh_women_farmer_act_2026_mr.pdf"", 1, 0.2691], [""mh_women_farmer_act_2026_mr.pdf"", 7, 0.246], [""mh_women_farmer_act_2026_mr.pdf"", 2, 0.2435], [""mh_women_farmer_act_2026_mr.pdf"", 4, 0.2314]]",0.0,0.0,0.0,0.0,0.0,0.002,,0.002,,,,,,,,0,,,,,
ans-047-mr,ans-047,mr,answerable,,महाराष्ट्राच्या राज्य कृषी यांत्रिकीकरण योजनेत ट्रॅक्टरसाठी जास्तीत जास्त किती अनुदान मिळते?,"[[""mh_women_farmer_act_2026_mr.pdf"", 2, 0.3727], [""mh_women_farmer_act_2026_mr.pdf"", 1, 0.3637], [""mh_women_farmer_act_2026_mr.pdf"", 9, 0.3338], [""mh_women_farmer_act_2026_mr.pdf"", 9, 0.3069], [""mh_women_farmer_act_2026_mr.pdf"", 7, 0.3017]]",0.0,0.0,0.0,0.0,0.0,0.002,,0.002,,,,,,,,0,,,,,
ans-047-hinglish,ans-047,hinglish,answerable,,Maharashtra ki farm mechanisation scheme mein tractor par maximum kitni subsidy milti hai?,"[[""grain_storage_plan_sop_en.pdf"", 35, 0.1858], [""grain_storage_plan_sop_en.pdf"", 22, 0.1535], [""mscs_act_2002_en.pdf"", 25, 0.1261], [""grain_storage_plan_sop_en.pdf"", 34, 0.124], [""grain_storage_plan_sop_en.pdf"", 36, 0.1137]]",0.0,0.0,0.0,0.0,0.0,0.002,,0.002,,,,,,,,0,,,,,
ans-048-en,ans-048,en,answerable,,Which age group is covered by the Gopinath Munde farmer accident insurance grant scheme?,"[[""pmkmy_faqs_en.pdf"", 1, 0.2771], [""pmkmy_guidelines_en.pdf"", 1, 0.2642], [""pmkmy_faqs_en.pdf"", 1, 0.1842], [""pmkmy_guidelines_en.pdf"", 3, 0.1619], [""pmkmy_faqs_en.pdf"", 3, 0.1536]]",0.0,0.0,0.0,0.0,0.0,0.003,,0.003,,,,,,,,0,,,,,
ans-048-hi,ans-048,hi,answerable,,गोपीनाथ मुंडे किसान दुर्घटना बीमा अनुदान योजना में किस आयु वर्ग के लोग शामिल हैं?,"[[""mh_fruit_crop_insurance_gr_2026_mr.pdf"", 39, 0.2431], [""mh_fruit_crop_insurance_gr_2026_mr.pdf"", 13, 0.2411], [""mh_women_farmer_act_2026_mr.pdf"", 10, 0.2263], [""mh_agri_citizen_charter_schemes_2026_mr.pdf"", 6, 0.2126], [""grain_storage_plan_sop_hi.pdf"", 42, 0.2099]]",0.0,0.0,1.0,0.2,0.25,0.002,,0.002,,,,,,,,0,,,,,
ans-048-mr,ans-048,mr,answerable,,गोपीनाथ मुंडे शेतकरी अपघात सुरक्षा सानुग्रह अनुदान योजनेत कोणत्या वयोगटातील व्यक्ती समाविष्ट आहेत?,"[[""mh_agri_citizen_charter_schemes_2026_mr.pdf"", 7, 0.3333], [""mh_agri_citizen_charter_schemes_2026_mr.pdf"", 20, 0.2706], [""mh_women_farmer_act_2026_mr.pdf"", 2, 0.2667], [""mh_women_farmer_act_2026_mr.pdf"", 4, 0.26], [""mh_women_farmer_act_2026_mr.pdf"", 11, 0.2592]]",1.0,1.0,1.0,0.2,1.0,0.002,,0.002,,,,,,,,0,,,,,
ans-048-hinglish,ans-048,hinglish,answerable,,Gopinath Munde farmer accident insurance scheme mein kis age group ke log cover hote hain?,"[[""pmkmy_faqs_en.pdf"", 1, 0.2646], [""pmkmy_guidelines_en.pdf"", 1, 0.2523], [""pmkmy_guidelines_en.pdf"", 3, 0.1546], [""pmkmy_faqs_en.pdf"", 3, 0.1467], [""pmkmy_faqs_en.pdf"", 1, 0.1441]]",0.0,0.0,0.0,0.0,0.0,0.003,,0.003,,,,,,,,0,,,,,
ans-049-en,ans-049,en,answerable,,How many people must sign the application to register a multi-state cooperative society whose members are individuals?,"[[""mscs_act_2002_en.pdf"", 9, 0.5013], [""mscs_act_2002_en.pdf"", 47, 0.3502], [""mscs_act_2002_en.pdf"", 14, 0.3361], [""mscs_act_2002_en.pdf"", 22, 0.3109], [""mscs_act_2002_en.pdf"", 26, 0.3059]]",1.0,1.0,1.0,0.2,1.0,0.003,,0.003,,,,,,,,0,,,,,
ans-049-hi,ans-049,hi,answerable,,"जिस बहु-राज्य सहकारी समिति के सदस्य व्यक्ति हैं, उसके पंजीकरण आवेदन पर कितने लोगों के हस्ताक्षर जरूरी हैं?","[[""mh_women_farmer_act_2026_mr.pdf"", 8, 0.293], [""mh_farmer_loan_waiver_2026_mr.pdf"", 5, 0.2653], [""mh_farmer_loan_waiver_2026_mr.pdf"", 4, 0.2462], [""mh_women_farmer_act_2026_mr.pdf"", 7, 0.2364], [""mh_women_farmer_act_2026_mr.pdf"", 8, 0.2352]]",0.0,0.0,0.0,0.0,0.0,0.002,,0.002,,,,,,,,0,,,,,
ans-049-mr,ans-049,mr,answerable,,"ज्या बहुराज्यीय सहकारी संस्थेचे सदस्य व्यक्ती आहेत, तिच्या नोंदणी अर्जावर किती लोकांच्या सह्या आवश्यक आहेत?","[[""mh_women_farmer_act_2026_mr.pdf"", 3, 0.3177], [""mh_women_farmer_act_2026_mr.pdf"", 8, 0.3105], [""mh_fruit_crop_insurance_gr_2026_mr.pdf"", 27, 0.2789], [""mh_women_farmer_act_2026_mr.pdf"", 2, 0.2628], [""mh_women_farmer_act_2026_mr.pdf"", 4, 0.2564]]",0.0,0.0,0.0,0.0,0.0,0.002,,0.002,,,,,,,,0,,,,,
ans-049-hinglish,ans-049,hinglish,answerable,,Individuals wali multi-state cooperative society register karne ki application par kitne logon ka sign chahiye?,"[[""mscs_act_2002_en.pdf"", 9, 0.3776], [""mscs_act_2002_en.pdf"", 47, 0.2847], [""mscs_act_2002_en.pdf"", 22, 0.2528], [""mscs_act_2002_en.pdf"", 39, 0.2433], [""mscs_act_2002_en.pdf"", 14, 0.2424]]",1.0,1.0,1.0,0.2,1.0,0.002,,0.002,,,,,,,,0,,,,,
ans-050-en,ans-050,en,answerable,,What is the maximum number of directors on the board of a multi-state cooperative society?,"[[""mscs_act_2002_en.pdf"", 28, 0.6316], [""mscs_act_2002_en.pdf"", 26, 0.4411], [""mscs_amendment_act_2023.pdf"", 5, 0.4346], [""mscs_act_2002_en.pdf"", 12, 0.4246], [""mscs_act_2002_en.pdf"", 35, 0.396]]",1.0,1.0,1.0,0.2,1.0,0.003,,0.003,,,,,,,,0,,,,,
ans-050-hi,ans-050,hi,answerable,,बहु-राज्य सहकारी समिति के बोर्ड में अधिकतम कितने निदेशक हो सकते हैं?,"[[""mscs_amendment_rules_2023.pdf"", 17, 0.2093], [""mscs_amendment_rules_2023.pdf"", 26, 0.206], [""mh_fruit_crop_insurance_gr_2026_mr.pdf"", 93, 0.2055], [""mscs_amendment_rules_2023.pdf"", 16, 0.1838], [""grain_storage_plan_sop_hi.pdf"", 29, 0.1814]]",0.0,0.0,0.0,0.0,0.0,0.002,,0.002,,,,,,,,0,,,,,
ans-050-mr,ans-050,mr,answerable,,बहुराज्यीय सहकारी संस्थेच्या संचालक मंडळात जास्तीत जास्त किती संचालक असू शकतात?,"[[""mh_agri_citizen_charter_schemes_2026_mr.pdf"", 12, 0.3188], [""mh_pmfby_gr_2026_mr.pdf"", 21, 0.2802], [""grain_storage_plan_sop_hi.pdf"", 37, 0.2139], [""mh_women_farmer_act_2026_mr.pdf"", 5, 0.2119], [""grain_storage_plan_sop_hi.pdf"", 37, 0.2034]]",0.0,0.0,0.0,0.0,0.0,0.002,,0.002,,,,,,,,0,,,,,
ans-050-hinglish,ans-050,hinglish,answerable,,Multi-state cooperative society ke board mein maximum kitne directors ho sakte hain?,"[[""mscs_act_2002_en.pdf"", 28, 0.4721], [""mscs_act_2002_en.pdf"", 26, 0.387], [""mscs_act_2002_en.pdf"", 35, 0.3474], [""mscs_act_2002_en.pdf"", 24, 0.3457], [""mscs_act_2002_en.pdf"", 12, 0.3413]]",1.0,1.0,1.0,0.2,1.0,0.002,,0.002,,,,,,,,0,,,,,
ans-051-en,ans-051,en,answerable,,What share of its net profit must a multi-state cooperative society transfer to the reserve fund each year?,"[[""mscs_act_2002_en.pdf"", 67, 0.4199], [""mscs_act_2002_en.pdf"", 39, 0.4189], [""mscs_act_2002_en.pdf"", 40, 0.4115], [""mscs_act_2002_en.pdf"", 39, 0.3367], [""mscs_act_2002_en.pdf"", 46, 0.3225]]",0.0,1.0,1.0,0.6,0.5,0.002,,0.002,,,,,,,,0,,,,,
ans-051-hi,ans-051,hi,answerable,,बहु-राज्य सहकारी समिति को हर साल अपने शुद्ध लाभ का कितना हिस्सा आरक्षित निधि में डालना होता है?,"[[""mh_fruit_crop_insurance_gr_2026_mr.pdf"", 89, 0.2976], [""mh_fruit_crop_insurance_gr_2026_mr.pdf"", 57, 0.2726], [""mh_fruit_crop_insurance_gr_2026_mr.pdf"", 90, 0.2716], [""mh_fruit_crop_insurance_gr_2026_mr.pdf"", 90, 0.27], [""mscs_amendment_rules_2023.pdf"", 17, 0.2688]]",0.0,0.0,0.0,0.0,0.0,0.002,,0.002,,,,,,,,0,,,,,
ans-051-mr,ans-051,mr,answerable,,बहुराज्यीय सहकारी संस्थेला दरवर्षी निव्वळ नफ्याचा किती हिस्सा राखीव निधीत जमा करावा लागतो?,"[[""mh_pmfby_gr_2026_mr.pdf"", 14, 0.2128], [""mh_pmfby_gr_2026_mr.pdf"", 14, 0.2125], [""mh_fruit_crop_insurance_gr_2026_mr.pdf"", 9, 0.1889], [""mscs_amendment_rules_2023.pdf"", 26, 0.187], [""mh_agri_citizen_charter_schemes_2026_mr.pdf"", 27, 0.1839]]",0.0,0.0,0.0,0.0,0.0,0.002,,0.002,,,,,,,,0,,,,,
ans-051-hinglish,ans-051,hinglish,answerable,,Multi-state cooperative society ko har saal net profit ka kitna hissa reserve fund mein dalna padta hai?,"[[""mscs_act_2002_en.pdf"", 39, 0.3615], [""mscs_act_2002_en.pdf"", 40, 0.3342], [""mscs_act_2002_en.pdf"", 67, 0.3289], [""mscs_act_2002_en.pdf"", 9, 0.3127], [""mscs_act_2002_en.pdf"", 46, 0.3117]]",1.0,1.0,1.0,0.4,1.0,0.002,,0.002,,,,,,,,0,,,,,
ans-052-en,ans-052,en,answerable,,"After the 2023 amendment, how many seats on the board of a multi-state cooperative society are reserved for SC/ST members and for women?","[[""mscs_act_2002_en.pdf"", 26, 0.3733], [""mscs_act_2002_en.pdf"", 12, 0.3607], [""mscs_act_2002_en.pdf"", 19, 0.3554], [""mscs_act_2002_en.pdf"", 9, 0.3469], [""mscs_act_2002_en.pdf"", 31, 0.338]]",0.0,0.0,0.0,0.0,0.0,0.002,,0.002,,,,,,,,0,,,,,
ans-052-hi,ans-052,hi,answerable,,2023 के संशोधन के बाद बहु-राज्य सहकारी समिति के बोर्ड में अनुसूचित जाति/जनजाति और महिलाओं के लिए कितनी सीटें आरक्षित हैं?,"[[""mscs_amendment_act_2023.pdf"", 2, 0.264], [""mscs_amendment_rules_2023.pdf"", 22, 0.2166], [""ncp_2025_hi.pdf"", 28, 0.2099], [""mscs_amendment_act_2023.pdf"", 1, 0.2034], [""mscs_amendment_rules_2023.pdf"", 26, 0.1968]]",0.0,0.0,0.0,0.0,0.0,0.002,,0.002,,,,,,,,0,,,,,
ans-052-mr,ans-052,mr,answerable,,2023 च्या सुधारणेनंतर बहुराज्यीय सहकारी संस्थेच्या संचालक मंडळात अनुसूचित जाती/जमाती आणि महिलांसाठी किती जागा राखीव आहेत?,"[[""mscs_amendment_act_2023.pdf"", 2, 0.3184], [""mh_women_farmer_act_2026_mr.pdf"", 2, 0.2975], [""mh_women_farmer_act_2026_mr.pdf"", 3, 0.2888], [""mh_women_farmer_act_2026_mr.pdf"", 2, 0.2796], [""mh_women_farmer_act_2026_mr.pdf"", 4, 0.2771]]",0.0,0.0,0.0,0.0,0.0,0.002,,0.002,,,,,,,,0,,,,,
ans-052-hinglish,ans-052,hinglish,answerable,,2023 amendment ke baad multi-state cooperative society ke board mein SC/ST aur women ke liye kitni seats reserved hain?,"[[""mscs_act_2002_en.pdf"", 26, 0.1898], [""mscs_act_2002_en.pdf"", 19, 0.184], [""mscs_act_2002_en.pdf"", 35, 0.1704], [""mscs_act_2002_en.pdf"", 12, 0.1703], [""mscs_act_2002_en.pdf"", 24, 0.1695]]",0.0,0.0,0.0,0.0,0.0,0.002,,0.002,,,,,,,,0,,,,,
ans-053-en,ans-053,en,answerable,,Within what time must the Co-operative Ombudsman decide a complaint under the MSCS (Amendment) Act 2023?,"[[""mscs_amendment_rules_2023.pdf"", 38, 0.3529], [""mscs_amendment_rules_2023.pdf"", 43, 0.3057], [""mscs_amendment_rules_2023.pdf"", 39, 0.2914], [""mscs_amendment_rules_2023.pdf"", 39, 0.2843], [""mscs_amendment_act_2023.pdf"", 15, 0.2713]]",0.0,0.0,1.0,0.2,0.2,0.002,,0.002,,,,,,,,0,,,,,
ans-053-hi,ans-053,hi,answerable,,बहु-राज्य सहकारी समिति (संशोधन) अधिनियम 2023 के तहत सहकारी लोकपाल को शिकायत पर कितने समय में फैसला करना होता है?,"[[""mscs_amendment_rules_2023.pdf"", 13, 0.2816], [""mscs_amendment_rules_2023.pdf"", 21, 0.2681], [""grain_storage_plan_sop_hi.pdf"", 29, 0.2621], [""mscs_amendment_rules_2023.pdf"", 13, 0.2602], [""mscs_amendment_rules_2023.pdf"", 14, 0.252]]",0.0,0.0,0.0,0.0,0.0,0.002,,0.002,,,,,,,,0,,,,,
ans-053-mr,ans-053,mr,answerable,,बहुराज्यीय सहकारी संस्था (सुधारणा) अधिनियम 2023 अंतर्गत सहकारी लोकपालाने तक्रारीवर किती कालावधीत निर्णय द्यावा लागतो?,"[[""mh_farmer_loan_waiver_2026_mr.pdf"", 6, 0.2423], [""mscs_amendment_rules_2023.pdf"", 26, 0.242], [""grain_storage_plan_sop_hi.pdf"", 1, 0.242], [""mscs_amendment_act_2023.pdf"", 2, 0.2284], [""mh_women_farmer_act_2026_mr.pdf"", 1, 0.213]]",0.0,0.0,0.0,0.0,0.0,0.002,,0.002,,,,,,,,0,,,,,
ans-053-hinglish,ans-053,hinglish,answerable,,MSCS Amendment Act 2023 mein Co-operative Ombudsman ko complaint par kitne time mein decision dena hota hai?,"[[""mscs_amendment_rules_2023.pdf"", 38, 0.3239], [""mscs_amendment_rules_2023.pdf"", 43, 0.2805], [""mscs_amendment_rules_2023.pdf"", 39, 0.2743], [""mscs_amendment_rules_2023.pdf"", 39, 0.2609], [""mscs_amendment_act_2023.pdf"", 15, 0.2413]]",0.0,0.0,1.0,0.2,0.2,0.002,,0.002,,,,,,,,0,,,,,
ans-054-en,ans-054,en,answerable,,Within what period must the Central Registrar dispose of an application to register a multi-state cooperative society?,"[[""mscs_act_2002_en.pdf"", 10, 0.4702], [""mscs_act_2002_en.pdf"", 9, 0.4582], [""mscs_act_2002_en.pdf"", 13, 0.4528], [""mscs_act_2002_en.pdf"", 22, 0.4427], [""mscs_act_2002_en.pdf"", 20, 0.4078]]",0.0,0.0,0.0,0.0,0.0,0.002,,0.002,,,,,,,,0,,,,,
ans-054-hi,ans-054,hi,answerable,,केंद्रीय रजिस्ट्रार को बहु-राज्य सहकारी समिति के पंजीकरण आवेदन का निपटारा कितने समय में करना होता है?,"[[""grain_storage_plan_sop_hi.pdf"", 23, 0.2526], [""mscs_amendment_rules_2023.pdf"", 13, 0.2357], [""grain_storage_plan_sop_hi.pdf"", 12, 0.2284], [""ncp_2025_hi.pdf"", 24, 0.2253], [""ncp_2025_hi.pdf"", 25, 0.2204]]",0.0,0.0,0.0,0.0,0.0,0.003,,0.003,,,,,,,,0,,,,,
ans-054-mr,ans-054,mr,answerable,,केंद्रीय निबंधकाने बहुराज्यीय सहकारी संस्थेच्या नोंदणी अर्जावर किती कालावधीत निर्णय घ्यावा लागतो?,"[[""mh_farmer_loan_waiver_2026_mr.pdf"", 6, 0.2001], [""mh_women_farmer_act_2026_mr.pdf"", 3, 0.1825], [""mh_fruit_crop_insurance_gr_2026_mr.pdf"", 144, 0.1686], [""mscs_amendment_rules_2023.pdf"", 26, 0.165], [""mh_fruit_crop_insurance_gr_2026_mr.pdf"", 9, 0.1591]]",0.0,0.0,0.0,0.0,0.0,0.002,,0.002,,,,,,,,0,,,,,
ans-054-hinglish,ans-054,hinglish,answerable,,Central Registrar ko multi-state cooperative society ki registration application kitne time mein dispose karni hoti hai?,"[[""mscs_act_2002_en.pdf"", 9, 0.4247], [""mscs_act_2002_en.pdf"", 1, 0.4144], [""mscs_act_2002_en.pdf"", 10, 0.403], [""mscs_act_2002_en.pdf"", 20, 0.376], [""mscs_act_2002_en.pdf"", 54, 0.369]]",0.0,0.0,0.0,0.0,0.0,0.002,,0.002,,,,,,,,0,,,,,
ans-055-en,ans-055,en,answerable,,"Why is the Co-operative Rehabilitation, Reconstruction and Development Fund set up?","[[""mscs_amendment_act_2023.pdf"", 12, 0.4486], [""mscs_amendment_act_2023.pdf"", 12, 0.3662], [""mscs_amendment_rules_2023.pdf"", 36, 0.2933], [""mscs_amendment_act_2023.pdf"", 6, 0.2241], [""mscs_amendment_rules_2023.pdf"", 37, 0.2229]]",1.0,1.0,1.0,0.4,1.0,0.002,,0.002,,,,,,,,0,,,,,
ans-055-hi,ans-055,hi,answerable,,"सहकारी पुनर्वास, पुनर्निर्माण और विकास कोष किस उद्देश्य से बनाया गया है?","[[""mh_fruit_crop_insurance_gr_2026_mr.pdf"", 95, 0.5138], [""mh_fruit_crop_insurance_gr_2026_mr.pdf"", 94, 0.5034], [""mh_fruit_crop_insurance_gr_2026_mr.pdf"", 62, 0.4913], [""mh_fruit_crop_insurance_gr_2026_mr.pdf"", 94, 0.4874], [""mh_fruit_crop_insurance_gr_2026_mr.pdf"", 63, 0.4845]]",0.0,0.0,0.0,0.0,0.0,0.002,,0.002,,,,,,,,0,,,,,
ans-055-mr,ans-055,mr,answerable,,"सहकारी पुनर्वसन, पुनर्रचना आणि विकास निधी कशासाठी स्थापन करण्यात आला आहे?","[[""mh_fruit_crop_insurance_gr_2026_mr.pdf"", 95, 0.3592], [""mh_fruit_crop_insurance_gr_2026_mr.pdf"", 94, 0.3563], [""mh_fruit_crop_insurance_gr_2026_mr.pdf"", 94, 0.3529], [""mh_fruit_crop_insurance_gr_2026_mr.pdf"", 62, 0.3505], [""mh_fruit_crop_insurance_gr_2026_mr.pdf"", 62, 0.3479]]",0.0,0.0,0.0,0.0,0.0,0.002,,0.002,,,,,,,,0,,,,,
ans-055-hinglish,ans-055,hinglish,answerable,,"Co-operative Rehabilitation, Reconstruction and Development Fund kis liye banaya gaya hai?","[[""mscs_amendment_act_2023.pdf"", 12, 0.4955], [""mscs_amendment_act_2023.pdf"", 12, 0.4045], [""mscs_amendment_rules_2023.pdf"", 36, 0.3239], [""mscs_amendment_act_2023.pdf"", 6, 0.2475], [""mscs_amendment_rules_2023.pdf"", 37, 0.2461]]",1.0,1.0,1.0,0.4,1.0,0.002,,0.002,,,,,,,,0,,,,,
ans-056-en,ans-056,en,answerable,,Who chairs the Selection Committee that recommends the Chairperson and Members of the Co-operative Election Authority?,"[[""mscs_amendment_rules_2023.pdf"", 28, 0.3907], [""mscs_amendment_act_2023.pdf"", 7, 0.3754], [""mscs_amendment_act_2023.pdf"", 9, 0.3264], [""mscs_amendment_act_2023.pdf"", 8, 0.3067], [""mscs_amendment_act_2023.pdf"", 10, 0.297]]",1.0,1.0,1.0,0.2,1.0,0.002,,0.002,,,,,,,,0,,,,,
ans-056-hi,ans-056,hi,answerable,,सहकारी चुनाव प्राधिकरण के अध्यक्ष और सदस्यों की सिफारिश करने वाली चयन समिति की अध्यक्षता कौन करता है?,"[[""ncp_2025_hi.pdf"", 29, 0.3458], [""mh_women_farmer_act_2026_mr.pdf"", 7, 0.3404], [""mh_women_farmer_act_2026_mr.pdf"", 4, 0.3248], [""grain_storage_plan_sop_hi.pdf"", 7, 0.3078], [""mh_women_farmer_act_2026_mr.pdf"", 4, 0.3071]]",0.0,0.0,0.0,0.0,0.0,0.002,,0.002,,,,,,,,0,,,,,
ans-056-mr,ans-056,mr,answerable,,सहकारी निवडणूक प्राधिकरणाचे अध्यक्ष व सदस्य यांची शिफारस करणाऱ्या निवड समितीचे अध्यक्ष कोण असतात?,"[[""mh_women_farmer_act_2026_mr.pdf"", 7, 0.4215], [""mh_women_farmer_act_2026_mr.pdf"", 9, 0.3465], [""mh_women_farmer_act_2026_mr.pdf"", 9, 0.3115], [""mh_women_farmer_act_2026_mr.pdf"", 4, 0.3096], [""mh_women_farmer_act_2026_mr.pdf"", 10, 0.3047]]",0.0,0.0,0.0,0.0,0.0,0.002,,0.002,,,,,,,,0,,,,,
ans-056-hinglish,ans-056,hinglish,answerable,,Co-operative Election Authority ke chairperson aur members ko recommend karne wali selection committee ko kaun chair karta hai?,"[[""mscs_amendment_rules_2023.pdf"", 28, 0.3624], [""mscs_amendment_act_2023.pdf"", 7, 0.3482], [""mscs_amendment_act_2023.pdf"", 9, 0.3028], [""mscs_amendment_act_2023.pdf"", 8, 0.2845], [""mscs_amendment_act_2023.pdf"", 10, 0.2755]]",1.0,1.0,1.0,0.2,1.0,0.002,,0.002,,,,,,,,0,,,,,
ans-057-en,ans-057,en,answerable,,What fee must a person pay to challenge a voter's identity at a multi-state cooperative society election?,"[[""mscs_amendment_rules_2023.pdf"", 33, 0.3308], [""mscs_act_2002_en.pdf"", 45, 0.2824], [""mscs_act_2002_en.pdf"", 24, 0.2772], [""mscs_act_2002_en.pdf"", 9, 0.2682], [""mscs_act_2002_en.pdf"", 24, 0.267]]",1.0,1.0,1.0,0.2,1.0,0.002,,0.002,,,,,,,,0,,,,,
ans-057-hi,ans-057,hi,answerable,,बहु-राज्य सहकारी समिति के चुनाव में किसी मतदाता की पहचान को चुनौती देने के लिए कितना शुल्क देना होता है?,"[[""mh_fruit_crop_insurance_gr_2026_mr.pdf"", 93, 0.2177], [""mscs_amendment_rules_2023.pdf"", 22, 0.1871], [""mh_fruit_crop_insurance_gr_2026_mr.pdf"", 9, 0.183], [""mh_farmer_loan_waiver_2026_mr.pdf"", 4, 0.1775], [""mscs_amendment_rules_2023.pdf"", 26, 0.1761]]",0.0,0.0,0.0,0.0,0.0,0.002,,0.002,,,,,,,,0,,,,,
ans-057-mr,ans-057,mr,answerable,,बहुराज्यीय सहकारी संस्थेच्या निवडणुकीत मतदाराच्या ओळखीला आव्हान देण्यासाठी किती शुल्क भरावे लागते?,"[[""mscs_amendment_rules_2023.pdf"", 26, 0.2087], [""mh_fruit_crop_insurance_gr_2026_mr.pdf"", 130, 0.1781], [""mscs_amendment_rules_2023.pdf"", 23, 0.1698], [""mh_fruit_crop_insurance_gr_2026_mr.pdf"", 55, 0.1674], [""mh_fruit_crop_insurance_gr_2026_mr.pdf"", 87, 0.1666]]",0.0,0.0,0.0,0.0,0.0,0.002,,0.002,,,,,,,,0,,,,,
ans-057-hinglish,ans-057,hinglish,answerable,,Multi-state cooperative society ke election mein kisi voter ki identity challenge karne ki fees kitni hai?,"[[""mscs_amendment_rules_2023.pdf"", 33, 0.2841], [""mscs_act_2002_en.pdf"", 9, 0.1977], [""mscs_act_2002_en.pdf"", 24, 0.195], [""mscs_act_2002_en.pdf"", 39, 0.1936], [""mscs_act_2002_en.pdf"", 26, 0.1846]]",1.0,1.0,1.0,0.2,1.0,0.002,,0.002,,,,,,,,0,,,,,
ans-058-en,ans-058,en,answerable,,What must a member do before approaching the Co-operative Ombudsman with a complaint?,"[[""mscs_amendment_rules_2023.pdf"", 38, 0.4875], [""mscs_amendment_rules_2023.pdf"", 43, 0.3853], [""mscs_amendment_rules_2023.pdf"", 39, 0.3682], [""mscs_amendment_rules_2023.pdf"", 39, 0.3394], [""mscs_amendment_act_2023.pdf"", 15, 0.3087]]",1.0,1.0,1.0,0.6,1.0,0.002,,0.002,,,,,,,,0,,,,,
ans-058-hi,ans-058,hi,answerable,,सहकारी लोकपाल के पास शिकायत ले जाने से पहले सदस्य को क्या करना होता है?,"[[""mh_women_farmer_act_2026_mr.pdf"", 8, 0.4071], [""ncp_2025_hi.pdf"", 29, 0.3786], [""mh_women_farmer_act_2026_mr.pdf"", 8, 0.3154], [""pmkmy_guidelines_en.pdf"", 32, 0.3121], [""ncp_2025_hi.pdf"", 29, 0.2893]]",0.0,0.0,0.0,0.0,0.0,0.002,,0.002,,,,,,,,0,,,,,
ans-058-mr,ans-058,mr,answerable,,सहकारी लोकपालाकडे तक्रार करण्यापूर्वी सदस्याने काय करणे आवश्यक आहे?,"[[""mh_women_farmer_act_2026_mr.pdf"", 7, 0.3639], [""mh_women_farmer_act_2026_mr.pdf"", 8, 0.3346], [""mh_women_farmer_act_2026_mr.pdf"", 9, 0.3325], [""mh_farmer_loan_waiver_2026_mr.pdf"", 6, 0.321], [""mh_women_farmer_act_2026_mr.pdf"", 9, 0.3052]]",0.0,0.0,0.0,0.0,0.0,0.001,,0.001,,,,,,,,0,,,,,
ans-058-hinglish,ans-058,hinglish,answerable,,Co-operative Ombudsman ke paas complaint karne se pehle member ko kya karna padta hai?,"[[""mscs_amendment_rules_2023.pdf"", 38, 0.3888], [""mscs_amendment_rules_2023.pdf"", 43, 0.3364], [""mscs_amendment_rules_2023.pdf"", 39, 0.3214], [""mscs_amendment_rules_2023.pdf"", 39, 0.2963], [""mscs_amendment_act_2023.pdf"", 15, 0.2695]]",1.0,1.0,1.0,0.6,1.0,0.002,,0.002,,,,,,,,0,,,,,
