filename,title,source_url,download_date,language,category
coop_income_tax_benefits.pdf,"Income Tax benefits to cooperatives, Budget 2022-23 & 2023-24",https://www.cooperation.gov.in/sites/default/files/2023-06/Brief_income_tax_related_benefits_Revised14June.pdf,2026-09-29,en,cooperative-policy
grain_storage_plan_sop_en.pdf,World's Largest Grain Storage Plan - Margdarshika SOP,https://www.cooperation.gov.in/sites/default/files/2025-08/WLGSP%20English%20Margdarshika%20SOP.pdf,2026-09-29,en,cooperative-scheme
grain_storage_plan_sop_hi.pdf,अन्न भंडारण योजना - मार्गदर्शिका SOP,https://www.cooperation.gov.in/sites/default/files/2025-08/WLGSP%20Hindi%20Margdarshika%20SOP.pdf,2026-09-29,hi,cooperative-scheme
mh_agri_citizen_charter_schemes_2026_mr.pdf,योजनेनिहाय नागरिकांची सनद 2026 - कृषि विभाग,https://krishi.maharashtra.gov.in/Site/Upload/GR/%E0%A4%AF%E0%A5%8B%E0%A4%9C%E0%A4%A8%E0%A4%BE%E0%A4%A8%E0%A4%BF%E0%A4%B9%E0%A4%BE%E0%A4%AF%20%E0%A4%A8%E0%A4%BE%E0%A4%97%E0%A4%B0%E0%A4%BF%E0%A4%95%E0%A4%BE%E0%A4%82%E0%A4%9A%E0%A5%80%20%E0%A4%B8%E0%A4%A8%E0%A4%A6.pdf,2026-09-29,mr,government-scheme
mh_farmer_loan_waiver_2026_mr.pdf,पुण्यश्लोक अहिल्यादेवी होळकर शेतकरी कर्जमुक्ती योजना 2026,https://sahakarayukta.maharashtra.gov.in/site/upload/documents/Punyashlok%20Ahilyadevi%20Holkar%20Shetkari%20Karjmukti%20Yojana%202026.pdf,2026-09-29,mr,cooperative-scheme
mh_fruit_crop_insurance_gr_2026_mr.pdf,पुनर्रचित हवामान आधारित फळपिक विमा योजना 2026-27 शासन निर्णय,https://krishi.maharashtra.gov.in/Site/Upload/GR/%E0%A4%AB%E0%A4%B3%E0%A4%AA%E0%A5%80%E0%A4%95%20%E0%A4%B5%E0%A4%BF%E0%A4%AE%E0%A4%BE%20%E0%A4%B6%E0%A4%BE%E0%A4%B8%E0%A4%A8%20%E0%A4%A8%E0%A4%BF%E0%A4%B0%E0%A5%8D%E0%A4%A3%E0%A4%AF%20%E0%A4%A6%E0%A4%BF%2027_06_2026.pdf,2026-09-29,mr,government-scheme
mh_pkvy_gr_mr.pdf,परंपरागत कृषी विकास योजना (PKVY) शासन निर्णय,https://krishi.maharashtra.gov.in/Site/Upload/GR/%E0%A4%B6%E0%A4%BE%20%E0%A4%A8%E0%A4%BF%20%E0%A4%A6%E0%A4%BF%2005052026%20%E0%A4%AA%E0%A5%8D%E0%A4%B0%E0%A4%AE%E0%A4%BE%20PKVY%202026-27.pdf,2026-09-29,mr,government-scheme
mh_pmfby_gr_2026_mr.pdf,सुधारित प्रधानमंत्री पीक विमा योजना खरीप 2026 व रब्बी 2026-27 शासन निर्णय (pages 1-52 only; district-wise annexure tables pp. 53-481 omitted),https://krishi.maharashtra.gov.in/Site/Upload/GR/PMFBY%20GR%202026-27%20dtd%2003_07_2026.pdf,2026-09-29,mr,government-scheme
mh_women_farmer_act_2026_en.pdf,Maharashtra Women Farmers Empowerment Act 2026 (Gazette),https://krishi.maharashtra.gov.in/Site/Upload/Pdf/Women%20Act%20Gazette%20English.pdf,2026-09-29,en,government-scheme
mh_women_farmer_act_2026_mr.pdf,महाराष्ट्र महिला शेतकरी सक्षमीकरण अधिनियम 2026 (राजपत्र),https://krishi.maharashtra.gov.in/Site/Upload/Pdf/Women%20Act%20Gazette%20Marathi.pdf,2026-09-29,mr,government-scheme
mscs_act_2002_en.pdf,"Multi-State Co-operative Societies Act, 2002",https://www.cooperation.gov.in/sites/default/files/2022-11/Multi-State-Cooperatives-Societies-Act-2022.pdf,2026-09-29,en,cooperative-law
mscs_amendment_act_2023.pdf,"Multi-State Co-operative Societies (Amendment) Act, 2023",https://www.cooperation.gov.in/sites/default/files/2023-11/MSCS_Amendment_Act_2023.pdf,2026-09-29,en,cooperative-law
mscs_amendment_rules_2023.pdf,"MSCS (Amendment) Rules, 2023",https://www.cooperation.gov.in/sites/default/files/2023-11/2023_rule.pdf,2026-09-29,en+hi,cooperative-law
ncdc_sugar_mills_scheme.pdf,Central Sector Scheme: grant-in-aid to NCDC for cooperative sugar mills,https://www.cooperation.gov.in/sites/default/files/2023-07/BriefCooperative_Sugar_Mills_Centre_SectorScheme.pdf,2026-09-29,en,cooperative-scheme
ncp_2025_en.pdf,National Cooperation Policy 2025,https://www.cooperation.gov.in/sites/default/files/2025-07/NCP%28Eng%29_23Jul2025_v6_Final.pdf,2026-09-29,en,cooperative-policy
ncp_2025_hi.pdf,राष्ट्रीय सहकारिता नीति 2025,https://www.cooperation.gov.in/sites/default/files/2025-07/NCP%28Hindi%29_23Jul2025_v5_Final.pdf,2026-09-29,hi,cooperative-policy
pmkisan_ekyc_note_en.pdf,PM-KISAN: modes and processes of e-KYC,https://pmkisan.gov.in/Documents/Note-on-Modes-and-processes-of-ekyc-13th-Nov-English.pdf,2026-09-29,en,government-scheme
pmkisan_ekyc_note_hi.pdf,PM-KISAN: e-KYC की विधियाँ और प्रक्रिया,https://pmkisan.gov.in/Documents/Note-on-Modes-and-processes-of-ekyc-13th-Nov-Hindi.pdf,2026-09-29,hi,government-scheme
pmkisan_ekyc_note_mr.pdf,PM-KISAN: e-KYC पद्धती व प्रक्रिया,https://pmkisan.gov.in/Documents/Note-on-Modes-and-processes-of-ekyc-13th-Nov-Marathi.pdf,2026-09-29,mr,government-scheme
pmkisan_guidelines_en.pdf,PM-KISAN Revised Operational Guidelines,https://pmkisan.gov.in/Documents/RevisedPM-KISANOperationalGuidelines(English).pdf,2026-09-29,en,government-scheme
pmkisan_hi.pdf,प्रधानमंत्री किसान सम्मान निधि,https://pmkisan.gov.in/Documents/%E0%A4%AA%E0%A5%8D%E0%A4%B0%E0%A4%A7%E0%A4%BE%E0%A4%A8%E0%A4%AE%E0%A4%82%E0%A4%A4%E0%A5%8D%E0%A4%B0%E0%A5%80%20%E0%A4%95%E0%A4%BF%E0%A4%B8%E0%A4%BE%E0%A4%A8%20%E0%A4%B8%E0%A4%AE%E0%A5%8D%E0%A4%AE%E0%A4%BE%E0%A4%A8%20%E0%A4%A8%E0%A4%BF%E0%A4%A7%E0%A4%BF.pdf,2026-09-29,hi,government-scheme
pmkmy_faqs_en.pdf,PM Kisan Maan-Dhan Yojana FAQs,https://pmkisan.gov.in/Documents/PM-KMY%20-%20FAQs.pdf,2026-09-29,en+hi,government-scheme
pmkmy_guidelines_en.pdf,PM Kisan Maan-Dhan Yojana Operational Guidelines,https://pmkisan.gov.in/Documents/PM-KMY%20-%20Operational%20Guidelines.pdf,2026-09-29,en+hi,government-scheme
